2026/08/29 19:40:53.974, 2548 MHz, 54, 15.37 W, 0 %
2026/08/29 19:40:58.984, 2541 MHz, 57, 32.25 W, 94 %
2026/08/29 19:41:03.984, 2541 MHz, 59, 33.94 W, 94 %
2026/08/29 19:41:08.985, 2541 MHz, 59, 33.89 W, 94 %
2026/08/29 19:41:13.986, 2541 MHz, 60, 33.35 W, 94 %
2026/08/29 19:41:18.986, 2541 MHz, 61, 34.89 W, 93 %
2026/08/29 19:41:23.986, 2541 MHz, 61, 34.58 W, 93 %
2026/08/29 19:41:28.988, 2541 MHz, 62, 35.09 W, 93 %
2026/08/29 19:41:33.989, 2541 MHz, 62, 36.17 W, 94 %
2026/08/29 19:41:38.989, 2528 MHz, 63, 39.52 W, 94 %
2026/08/29 19:41:43.990, 2522 MHz, 64, 39.60 W, 93 %
2026/08/29 19:41:48.991, 2535 MHz, 61, 31.57 W, 8 %
2026/08/29 19:41:53.991, 2522 MHz, 64, 35.76 W, 94 %
2026/08/29 19:41:58.992, 2522 MHz, 64, 35.86 W, 94 %
2026/08/29 19:42:03.993, 2522 MHz, 65, 35.89 W, 94 %
2026/08/29 19:42:08.994, 2522 MHz, 65, 35.88 W, 94 %
2026/08/29 19:42:13.996, 2522 MHz, 65, 35.94 W, 94 %
2026/08/29 19:42:18.997, 2522 MHz, 65, 34.74 W, 94 %
2026/08/29 19:42:23.998, 2522 MHz, 66, 36.13 W, 95 %
2026/08/29 19:42:28.999, 2522 MHz, 66, 36.18 W, 93 %
2026/08/29 19:42:34.000, 2522 MHz, 66, 36.20 W, 94 %
2026/08/29 19:42:39.000, 2502 MHz, 71, 61.10 W, 96 %
2026/08/29 19:42:44.002, 2522 MHz, 67, 36.28 W, 94 %
2026/08/29 19:42:49.003, 2522 MHz, 67, 36.54 W, 93 %
2026/08/29 19:42:54.004, 2496 MHz, 69, 58.60 W, 93 %
2026/08/29 19:42:59.005, 2522 MHz, 68, 36.59 W, 93 %
2026/08/29 19:43:04.006, 2522 MHz, 68, 36.74 W, 94 %
2026/08/29 19:43:09.006, 2522 MHz, 69, 38.93 W, 93 %
2026/08/29 19:43:14.007, 2489 MHz, 72, 58.12 W, 96 %
2026/08/29 19:43:19.008, 2522 MHz, 68, 36.89 W, 92 %
2026/08/29 19:43:24.009, 2522 MHz, 69, 36.78 W, 94 %
2026/08/29 19:43:29.009, 2489 MHz, 73, 64.85 W, 96 %
2026/08/29 19:43:34.010, 2522 MHz, 69, 37.00 W, 94 %
2026/08/29 19:43:39.011, 2522 MHz, 69, 37.03 W, 93 %
2026/08/29 19:43:44.012, 2522 MHz, 69, 35.69 W, 94 %
2026/08/29 19:43:49.012, 2509 MHz, 73, 38.21 W, 96 %
2026/08/29 19:43:54.014, 2489 MHz, 74, 63.33 W, 96 %
2026/08/29 19:43:59.015, 2489 MHz, 74, 61.53 W, 96 %
2026/08/29 19:44:04.016, 2489 MHz, 75, 64.81 W, 95 %
2026/08/29 19:44:09.017, 2489 MHz, 77, 65.80 W, 95 %
2026/08/29 19:44:14.017, 2483 MHz, 77, 66.38 W, 95 %
2026/08/29 19:44:19.018, 2483 MHz, 77, 67.61 W, 96 %
2026/08/29 19:44:24.019, 2483 MHz, 78, 67.42 W, 96 %
2026/08/29 19:44:29.020, 2483 MHz, 79, 68.87 W, 96 %
2026/08/29 19:44:34.021, 2483 MHz, 79, 69.06 W, 95 %
2026/08/29 19:44:39.022, 2476 MHz, 80, 69.75 W, 96 %
2026/08/29 19:44:44.023, 2476 MHz, 79, 70.88 W, 96 %
2026/08/29 19:44:49.024, 2470 MHz, 80, 71.29 W, 96 %
2026/08/29 19:44:54.025, 2470 MHz, 81, 71.59 W, 96 %
2026/08/29 19:44:59.026, 2470 MHz, 81, 70.26 W, 96 %
2026/08/29 19:45:04.027, 2502 MHz, 75, 38.41 W, 93 %
2026/08/29 19:45:09.028, 2489 MHz, 79, 48.04 W, 96 %
2026/08/29 19:45:14.029, 2489 MHz, 79, 65.02 W, 96 %
2026/08/29 19:45:19.030, 2489 MHz, 79, 62.72 W, 96 %
2026/08/29 19:45:24.032, 2483 MHz, 79, 66.29 W, 96 %
2026/08/29 19:45:29.033, 2476 MHz, 81, 67.18 W, 96 %
2026/08/29 19:45:34.034, 2476 MHz, 80, 66.65 W, 96 %
2026/08/29 19:45:39.035, 2470 MHz, 80, 65.39 W, 96 %
2026/08/29 19:45:44.036, 2470 MHz, 81, 68.70 W, 96 %
2026/08/29 19:45:49.037, 2457 MHz, 83, 69.27 W, 95 %
2026/08/29 19:45:54.038, 2457 MHz, 82, 69.84 W, 96 %
2026/08/29 19:45:59.039, 2457 MHz, 82, 70.70 W, 96 %
2026/08/29 19:46:04.040, 2457 MHz, 82, 68.92 W, 96 %
2026/08/29 19:46:09.041, 2457 MHz, 83, 71.67 W, 96 %
2026/08/29 19:46:14.042, 2457 MHz, 83, 72.29 W, 96 %
2026/08/29 19:46:19.043, 2450 MHz, 84, 72.71 W, 96 %
2026/08/29 19:46:24.044, 2502 MHz, 78, 39.26 W, 93 %
2026/08/29 19:46:29.045, 2483 MHz, 81, 52.22 W, 96 %
2026/08/29 19:46:34.046, 2463 MHz, 81, 65.65 W, 96 %
2026/08/29 19:46:39.047, 2463 MHz, 80, 64.77 W, 95 %
2026/08/29 19:46:44.048, 2463 MHz, 82, 66.29 W, 95 %
2026/08/29 19:46:49.049, 2463 MHz, 84, 67.30 W, 96 %
2026/08/29 19:46:54.050, 2457 MHz, 83, 68.61 W, 96 %
2026/08/29 19:46:59.051, 2457 MHz, 83, 68.67 W, 96 %
2026/08/29 19:47:04.051, 2457 MHz, 83, 69.07 W, 95 %
2026/08/29 19:47:09.052, 2457 MHz, 83, 70.32 W, 96 %
2026/08/29 19:47:14.053, 2457 MHz, 84, 70.60 W, 96 %
2026/08/29 19:47:19.054, 2457 MHz, 86, 71.19 W, 95 %
2026/08/29 19:47:24.055, 2457 MHz, 85, 71.70 W, 96 %
2026/08/29 19:47:29.056, 2457 MHz, 86, 71.97 W, 96 %
2026/08/29 19:47:34.057, 2457 MHz, 84, 68.14 W, 95 %
2026/08/29 19:47:39.059, 2450 MHz, 86, 73.29 W, 96 %
2026/08/29 19:47:44.060, 2502 MHz, 79, 39.68 W, 94 %
2026/08/29 19:47:49.061, 2470 MHz, 82, 55.47 W, 96 %
2026/08/29 19:47:54.062, 2463 MHz, 82, 65.72 W, 96 %
2026/08/29 19:47:59.063, 2463 MHz, 84, 66.28 W, 96 %
2026/08/29 19:48:04.064, 2463 MHz, 83, 66.97 W, 96 %
2026/08/29 19:48:09.065, 2463 MHz, 83, 67.35 W, 96 %
2026/08/29 19:48:14.066, 2463 MHz, 83, 68.08 W, 95 %
2026/08/29 19:48:19.067, 2457 MHz, 83, 68.81 W, 96 %
2026/08/29 19:48:24.068, 2457 MHz, 83, 69.72 W, 96 %
2026/08/29 19:48:29.069, 2457 MHz, 83, 69.96 W, 96 %
2026/08/29 19:48:34.070, 2457 MHz, 83, 70.71 W, 96 %
2026/08/29 19:48:39.071, 2457 MHz, 84, 70.92 W, 96 %
2026/08/29 19:48:44.072, 2457 MHz, 83, 71.20 W, 96 %
2026/08/29 19:48:49.073, 2457 MHz, 84, 71.96 W, 96 %
2026/08/29 19:48:54.074, 2457 MHz, 85, 72.02 W, 96 %
2026/08/29 19:48:59.075, 2450 MHz, 84, 72.59 W, 96 %
2026/08/29 19:49:04.076, 2502 MHz, 79, 39.64 W, 94 %
2026/08/29 19:49:09.076, 2476 MHz, 81, 51.13 W, 96 %
2026/08/29 19:49:14.077, 2463 MHz, 83, 65.44 W, 96 %
2026/08/29 19:49:19.078, 2463 MHz, 83, 65.39 W, 96 %
2026/08/29 19:49:24.079, 2463 MHz, 83, 66.69 W, 96 %
2026/08/29 19:49:29.080, 2463 MHz, 84, 65.61 W, 96 %
2026/08/29 19:49:34.081, 2463 MHz, 83, 68.20 W, 96 %
2026/08/29 19:49:39.082, 2463 MHz, 83, 68.61 W, 95 %
2026/08/29 19:49:44.083, 2457 MHz, 84, 69.55 W, 96 %
2026/08/29 19:49:49.084, 2457 MHz, 84, 69.71 W, 96 %
2026/08/29 19:49:54.085, 2457 MHz, 83, 70.06 W, 96 %
2026/08/29 19:49:59.086, 2457 MHz, 83, 70.45 W, 96 %
2026/08/29 19:50:04.087, 2457 MHz, 83, 71.53 W, 96 %
2026/08/29 19:50:09.088, 2457 MHz, 84, 72.16 W, 96 %
2026/08/29 19:50:14.089, 2457 MHz, 85, 72.28 W, 96 %
2026/08/29 19:50:19.090, 2457 MHz, 84, 72.18 W, 96 %
2026/08/29 19:50:24.091, 2502 MHz, 79, 39.41 W, 94 %
2026/08/29 19:50:29.091, 2489 MHz, 82, 44.94 W, 96 %
2026/08/29 19:50:34.092, 2463 MHz, 83, 65.39 W, 96 %
2026/08/29 19:50:39.093, 2463 MHz, 83, 66.02 W, 96 %
2026/08/29 19:50:44.094, 2463 MHz, 83, 66.82 W, 96 %
2026/08/29 19:50:49.095, 2457 MHz, 83, 67.48 W, 96 %
2026/08/29 19:50:54.095, 2463 MHz, 84, 68.02 W, 96 %
2026/08/29 19:50:59.096, 2457 MHz, 81, 68.73 W, 95 %
2026/08/29 19:51:04.097, 2457 MHz, 84, 69.49 W, 96 %
2026/08/29 19:51:09.098, 2457 MHz, 85, 70.25 W, 96 %
2026/08/29 19:51:14.099, 2457 MHz, 84, 70.16 W, 95 %
2026/08/29 19:51:19.100, 2457 MHz, 84, 70.85 W, 96 %
2026/08/29 19:51:24.101, 2457 MHz, 85, 71.28 W, 96 %
2026/08/29 19:51:29.102, 2457 MHz, 83, 70.40 W, 96 %
2026/08/29 19:51:34.102, 2457 MHz, 84, 72.10 W, 96 %
2026/08/29 19:51:39.103, 2457 MHz, 82, 72.52 W, 95 %
2026/08/29 19:51:44.104, 2502 MHz, 79, 39.61 W, 93 %
2026/08/29 19:51:49.105, 2476 MHz, 81, 50.87 W, 96 %
2026/08/29 19:51:54.107, 2463 MHz, 83, 65.51 W, 96 %
2026/08/29 19:51:59.107, 2463 MHz, 83, 66.20 W, 96 %
2026/08/29 19:52:04.108, 2457 MHz, 83, 67.37 W, 96 %
2026/08/29 19:52:09.109, 2463 MHz, 84, 67.80 W, 96 %
2026/08/29 19:52:14.110, 2463 MHz, 84, 66.07 W, 96 %
2026/08/29 19:52:19.111, 2457 MHz, 84, 68.82 W, 96 %
2026/08/29 19:52:24.112, 2457 MHz, 84, 69.88 W, 96 %
2026/08/29 19:52:29.113, 2457 MHz, 84, 69.84 W, 95 %
2026/08/29 19:52:34.114, 2457 MHz, 84, 70.50 W, 96 %
2026/08/29 19:52:39.115, 2457 MHz, 83, 70.85 W, 96 %
2026/08/29 19:52:44.116, 2457 MHz, 84, 71.70 W, 96 %
2026/08/29 19:52:49.117, 2457 MHz, 84, 72.31 W, 96 %
2026/08/29 19:52:54.118, 2457 MHz, 85, 72.61 W, 96 %
2026/08/29 19:52:59.119, 2450 MHz, 86, 72.81 W, 96 %
2026/08/29 19:53:04.120, 2502 MHz, 79, 39.64 W, 94 %
2026/08/29 19:53:09.121, 2463 MHz, 83, 51.27 W, 96 %
2026/08/29 19:53:14.122, 2463 MHz, 83, 65.49 W, 96 %
2026/08/29 19:53:19.123, 2470 MHz, 82, 64.78 W, 96 %
2026/08/29 19:53:24.125, 2463 MHz, 84, 64.92 W, 96 %
2026/08/29 19:53:29.125, 2463 MHz, 80, 65.51 W, 96 %
2026/08/29 19:53:34.126, 2457 MHz, 84, 67.96 W, 96 %
2026/08/29 19:53:39.127, 2463 MHz, 82, 66.82 W, 95 %
2026/08/29 19:53:44.127, 2463 MHz, 84, 67.61 W, 96 %
2026/08/29 19:53:49.129, 2457 MHz, 82, 67.87 W, 96 %
2026/08/29 19:53:54.130, 2457 MHz, 84, 70.40 W, 96 %
2026/08/29 19:53:59.131, 2463 MHz, 85, 70.25 W, 96 %
2026/08/29 19:54:04.132, 2457 MHz, 86, 70.31 W, 96 %
2026/08/29 19:54:09.133, 2457 MHz, 83, 68.91 W, 96 %
2026/08/29 19:54:14.134, 2457 MHz, 83, 68.58 W, 95 %
2026/08/29 19:54:19.135, 2457 MHz, 85, 72.29 W, 96 %
2026/08/29 19:54:24.136, 2457 MHz, 87, 73.24 W, 96 %
2026/08/29 19:54:29.136, 2502 MHz, 78, 39.21 W, 95 %
2026/08/29 19:54:34.137, 2476 MHz, 81, 60.30 W, 96 %
2026/08/29 19:54:39.138, 2463 MHz, 82, 65.43 W, 95 %
2026/08/29 19:54:44.139, 2463 MHz, 82, 66.03 W, 96 %
2026/08/29 19:54:49.141, 2463 MHz, 83, 67.03 W, 96 %
2026/08/29 19:54:54.141, 2463 MHz, 83, 67.39 W, 96 %
2026/08/29 19:54:59.142, 2463 MHz, 82, 64.60 W, 96 %
2026/08/29 19:55:04.143, 2463 MHz, 82, 68.78 W, 96 %
2026/08/29 19:55:09.144, 2457 MHz, 83, 69.12 W, 96 %
2026/08/29 19:55:14.144, 2457 MHz, 84, 70.32 W, 96 %
2026/08/29 19:55:19.145, 2457 MHz, 84, 70.25 W, 96 %
2026/08/29 19:55:24.146, 2457 MHz, 83, 71.04 W, 96 %
2026/08/29 19:55:29.146, 2457 MHz, 85, 67.94 W, 96 %
2026/08/29 19:55:34.148, 2457 MHz, 86, 71.94 W, 96 %
2026/08/29 19:55:39.149, 2457 MHz, 83, 72.29 W, 96 %
2026/08/29 19:55:44.150, 2457 MHz, 86, 72.74 W, 95 %
2026/08/29 19:55:49.151, 2457 MHz, 86, 73.25 W, 96 %
2026/08/29 19:55:54.152, 2450 MHz, 85, 73.82 W, 96 %
2026/08/29 19:55:59.153, 2450 MHz, 87, 73.80 W, 96 %
2026/08/29 19:56:04.154, 2457 MHz, 84, 72.90 W, 96 %
2026/08/29 19:56:09.154, 2450 MHz, 85, 74.45 W, 96 %
2026/08/29 19:56:14.156, 2450 MHz, 85, 74.17 W, 96 %
2026/08/29 19:56:19.156, 2502 MHz, 74, 20.07 W, 0 %
2026/08/29 19:56:24.157, 2496 MHz, 76, 57.30 W, 0 %
2026/08/29 19:56:29.157, 2450 MHz, 82, 74.62 W, 96 %
2026/08/29 19:56:34.158, 2450 MHz, 87, 75.09 W, 96 %
2026/08/29 19:56:39.160, 2502 MHz, 76, 47.15 W, 0 %
2026/08/29 19:56:44.161, 2450 MHz, 84, 75.22 W, 96 %
2026/08/29 19:56:49.162, 2450 MHz, 86, 75.14 W, 95 %
2026/08/29 19:56:54.162, 2489 MHz, 82, 63.64 W, 96 %
2026/08/29 19:56:59.163, 2450 MHz, 84, 75.98 W, 96 %
2026/08/29 19:57:04.164, 2444 MHz, 84, 76.57 W, 96 %
2026/08/29 19:57:09.164, 2431 MHz, 83, 75.39 W, 96 %
2026/08/29 19:57:14.165, 2450 MHz, 84, 70.23 W, 95 %
2026/08/29 19:57:19.166, 2359 MHz, 83, 71.28 W, 96 %
2026/08/29 19:57:24.167, 2379 MHz, 88, 73.69 W, 96 %
2026/08/29 19:57:29.168, 2457 MHz, 83, 70.36 W, 96 %
2026/08/29 19:57:34.168, 2502 MHz, 78, 39.64 W, 95 %
2026/08/29 19:57:39.169, 2463 MHz, 82, 63.59 W, 96 %
2026/08/29 19:57:44.171, 2463 MHz, 81, 65.89 W, 96 %
2026/08/29 19:57:49.171, 2463 MHz, 83, 66.25 W, 96 %
2026/08/29 19:57:54.172, 2463 MHz, 83, 67.25 W, 96 %
2026/08/29 19:57:59.174, 2463 MHz, 84, 67.54 W, 96 %
2026/08/29 19:58:04.175, 2463 MHz, 84, 65.66 W, 96 %
2026/08/29 19:58:09.176, 2457 MHz, 84, 69.14 W, 96 %
2026/08/29 19:58:14.177, 2457 MHz, 83, 69.34 W, 96 %
2026/08/29 19:58:19.178, 2457 MHz, 83, 70.34 W, 96 %
2026/08/29 19:58:24.179, 2457 MHz, 84, 70.47 W, 96 %
2026/08/29 19:58:29.180, 2457 MHz, 83, 70.72 W, 95 %
2026/08/29 19:58:34.181, 2457 MHz, 86, 71.40 W, 96 %
2026/08/29 19:58:39.183, 2457 MHz, 84, 71.44 W, 96 %
2026/08/29 19:58:44.184, 2457 MHz, 83, 72.52 W, 96 %
2026/08/29 19:58:49.185, 2450 MHz, 84, 73.11 W, 96 %
2026/08/29 19:58:54.186, 2450 MHz, 86, 72.73 W, 96 %
2026/08/29 19:58:59.187, 2457 MHz, 85, 73.72 W, 96 %
2026/08/29 19:59:04.189, 2457 MHz, 84, 73.66 W, 96 %
2026/08/29 19:59:09.189, 2450 MHz, 87, 74.48 W, 96 %
2026/08/29 19:59:14.190, 2450 MHz, 87, 74.37 W, 96 %
2026/08/29 19:59:19.191, 2450 MHz, 86, 74.21 W, 96 %
2026/08/29 19:59:24.191, 2457 MHz, 85, 73.57 W, 96 %
2026/08/29 19:59:29.192, 2457 MHz, 84, 72.35 W, 96 %
2026/08/29 19:59:34.192, 2450 MHz, 84, 73.80 W, 96 %
2026/08/29 19:59:39.193, 2431 MHz, 85, 75.04 W, 96 %
2026/08/29 19:59:44.194, 2444 MHz, 82, 71.06 W, 96 %
2026/08/29 19:59:49.196, 2450 MHz, 84, 75.72 W, 96 %
2026/08/29 19:59:54.197, 2411 MHz, 89, 73.83 W, 96 %
2026/08/29 19:59:59.197, 2450 MHz, 86, 75.11 W, 96 %
2026/08/29 20:00:04.199, 2450 MHz, 84, 75.25 W, 95 %
2026/08/29 20:00:09.199, 2450 MHz, 83, 70.68 W, 95 %
2026/08/29 20:00:14.200, 2392 MHz, 84, 72.62 W, 96 %
2026/08/29 20:00:19.200, 2437 MHz, 85, 75.84 W, 96 %
2026/08/29 20:00:24.201, 2502 MHz, 78, 41.16 W, 93 %
2026/08/29 20:00:29.202, 2502 MHz, 77, 38.29 W, 94 %
2026/08/29 20:00:34.203, 2470 MHz, 81, 64.85 W, 96 %
2026/08/29 20:00:39.204, 2470 MHz, 82, 65.16 W, 96 %
2026/08/29 20:00:44.205, 2463 MHz, 81, 66.00 W, 96 %
2026/08/29 20:00:49.206, 2470 MHz, 81, 66.67 W, 96 %
2026/08/29 20:00:54.207, 2470 MHz, 82, 67.48 W, 96 %
2026/08/29 20:00:59.209, 2463 MHz, 83, 68.08 W, 96 %
2026/08/29 20:01:04.209, 2457 MHz, 83, 68.45 W, 96 %
2026/08/29 20:01:09.210, 2457 MHz, 81, 67.37 W, 96 %
2026/08/29 20:01:14.211, 2457 MHz, 83, 69.00 W, 96 %
2026/08/29 20:01:19.212, 2457 MHz, 81, 69.00 W, 96 %
2026/08/29 20:01:24.212, 2457 MHz, 84, 71.14 W, 96 %
2026/08/29 20:01:29.213, 2457 MHz, 85, 70.32 W, 96 %
2026/08/29 20:01:34.214, 2457 MHz, 83, 67.46 W, 96 %
2026/08/29 20:01:39.215, 2457 MHz, 84, 68.73 W, 96 %
2026/08/29 20:01:44.216, 2457 MHz, 83, 66.93 W, 96 %
2026/08/29 20:01:49.216, 2457 MHz, 83, 66.84 W, 96 %
2026/08/29 20:01:54.217, 2457 MHz, 85, 69.91 W, 96 %
2026/08/29 20:01:59.218, 2457 MHz, 85, 69.94 W, 96 %
2026/08/29 20:02:04.219, 2457 MHz, 84, 69.30 W, 96 %
2026/08/29 20:02:09.220, 2450 MHz, 84, 71.51 W, 96 %
2026/08/29 20:02:14.220, 2450 MHz, 87, 74.86 W, 96 %
2026/08/29 20:02:19.222, 2457 MHz, 85, 71.19 W, 96 %
2026/08/29 20:02:24.222, 2450 MHz, 86, 71.78 W, 96 %
2026/08/29 20:02:29.223, 2457 MHz, 82, 70.01 W, 96 %
2026/08/29 20:02:34.224, 2450 MHz, 85, 70.56 W, 96 %
2026/08/29 20:02:39.224, 2450 MHz, 85, 69.93 W, 95 %
2026/08/29 20:02:44.226, 2450 MHz, 84, 70.62 W, 96 %
2026/08/29 20:02:49.226, 2450 MHz, 88, 69.03 W, 96 %
2026/08/29 20:02:54.227, 2431 MHz, 87, 69.76 W, 96 %
2026/08/29 20:02:59.228, 2450 MHz, 88, 68.17 W, 96 %
2026/08/29 20:03:04.229, 2379 MHz, 86, 70.99 W, 96 %
2026/08/29 20:03:09.230, 2314 MHz, 86, 70.41 W, 96 %
2026/08/29 20:03:14.231, 2450 MHz, 85, 73.83 W, 96 %
2026/08/29 20:03:19.233, 2450 MHz, 86, 73.85 W, 96 %
2026/08/29 20:03:24.234, 2385 MHz, 86, 73.89 W, 96 %
2026/08/29 20:03:29.234, 2502 MHz, 78, 37.80 W, 93 %
2026/08/29 20:03:34.235, 2463 MHz, 81, 62.69 W, 96 %
2026/08/29 20:03:39.236, 2463 MHz, 83, 63.86 W, 96 %
2026/08/29 20:03:44.237, 2463 MHz, 83, 66.29 W, 96 %
2026/08/29 20:03:49.238, 2463 MHz, 82, 67.01 W, 96 %
2026/08/29 20:03:54.238, 2463 MHz, 83, 67.07 W, 96 %
2026/08/29 20:03:59.240, 2463 MHz, 82, 66.99 W, 96 %
2026/08/29 20:04:04.241, 2457 MHz, 81, 68.40 W, 96 %
2026/08/29 20:04:09.241, 2457 MHz, 83, 68.97 W, 96 %
2026/08/29 20:04:14.242, 2457 MHz, 84, 69.69 W, 96 %
2026/08/29 20:04:19.243, 2457 MHz, 83, 69.82 W, 96 %
2026/08/29 20:04:24.244, 2457 MHz, 81, 70.59 W, 95 %
2026/08/29 20:04:29.245, 2457 MHz, 83, 70.74 W, 96 %
2026/08/29 20:04:34.245, 2457 MHz, 82, 69.88 W, 96 %
2026/08/29 20:04:39.246, 2457 MHz, 82, 71.62 W, 96 %
2026/08/29 20:04:44.248, 2457 MHz, 82, 72.38 W, 96 %
2026/08/29 20:04:49.248, 2457 MHz, 83, 71.97 W, 96 %
2026/08/29 20:04:54.249, 2457 MHz, 82, 72.71 W, 96 %
2026/08/29 20:04:59.250, 2457 MHz, 81, 72.48 W, 96 %
2026/08/29 20:05:04.251, 2450 MHz, 83, 73.58 W, 96 %
2026/08/29 20:05:09.252, 2476 MHz, 82, 67.33 W, 96 %
2026/08/29 20:05:14.254, 2450 MHz, 83, 73.51 W, 96 %
2026/08/29 20:05:19.254, 2457 MHz, 86, 73.61 W, 96 %
2026/08/29 20:05:24.254, 2450 MHz, 82, 73.91 W, 95 %
2026/08/29 20:05:29.254, 2450 MHz, 83, 74.28 W, 95 %
2026/08/29 20:05:34.255, 2450 MHz, 82, 74.24 W, 96 %
2026/08/29 20:05:39.255, 2450 MHz, 82, 74.39 W, 96 %
2026/08/29 20:05:44.256, 2450 MHz, 86, 75.40 W, 96 %
2026/08/29 20:05:49.257, 2450 MHz, 83, 75.10 W, 96 %
2026/08/29 20:05:54.258, 2450 MHz, 82, 75.99 W, 96 %
2026/08/29 20:05:59.259, 2450 MHz, 83, 76.05 W, 96 %
2026/08/29 20:06:04.260, 2450 MHz, 83, 75.04 W, 96 %
2026/08/29 20:06:09.260, 2450 MHz, 84, 75.13 W, 96 %
2026/08/29 20:06:14.262, 2457 MHz, 81, 75.14 W, 96 %
2026/08/29 20:06:19.262, 2502 MHz, 77, 39.40 W, 94 %
2026/08/29 20:06:24.263, 2502 MHz, 73, 30.70 W, 0 %
2026/08/29 20:06:29.263, 2489 MHz, 79, 65.13 W, 96 %
2026/08/29 20:06:34.264, 2476 MHz, 80, 65.32 W, 96 %
2026/08/29 20:06:39.265, 2476 MHz, 80, 65.82 W, 96 %
2026/08/29 20:06:44.266, 2470 MHz, 81, 66.78 W, 96 %
2026/08/29 20:06:49.267, 2470 MHz, 82, 63.93 W, 96 %
2026/08/29 20:06:54.269, 2463 MHz, 80, 67.83 W, 96 %
2026/08/29 20:06:59.270, 2463 MHz, 81, 68.50 W, 96 %
2026/08/29 20:07:04.271, 2457 MHz, 80, 69.12 W, 95 %
2026/08/29 20:07:09.272, 2457 MHz, 83, 68.27 W, 96 %
2026/08/29 20:07:14.273, 2457 MHz, 82, 70.09 W, 96 %
2026/08/29 20:07:19.273, 2457 MHz, 83, 70.67 W, 96 %
2026/08/29 20:07:24.275, 2457 MHz, 82, 71.14 W, 96 %
2026/08/29 20:07:29.275, 2457 MHz, 83, 71.50 W, 96 %
2026/08/29 20:07:34.276, 2457 MHz, 84, 71.87 W, 96 %
2026/08/29 20:07:39.277, 2457 MHz, 84, 71.71 W, 96 %
2026/08/29 20:07:44.278, 2450 MHz, 82, 72.77 W, 96 %
2026/08/29 20:07:49.279, 2450 MHz, 84, 73.55 W, 96 %
2026/08/29 20:07:54.280, 2457 MHz, 86, 73.18 W, 96 %
2026/08/29 20:07:59.281, 2450 MHz, 83, 74.16 W, 96 %
2026/08/29 20:08:04.282, 2450 MHz, 85, 74.45 W, 96 %
2026/08/29 20:08:09.283, 2424 MHz, 84, 73.60 W, 96 %
2026/08/29 20:08:14.284, 2457 MHz, 82, 67.48 W, 96 %
2026/08/29 20:08:19.285, 2450 MHz, 84, 75.33 W, 96 %
2026/08/29 20:08:24.286, 2450 MHz, 84, 74.86 W, 96 %
2026/08/29 20:08:29.287, 2450 MHz, 84, 74.41 W, 96 %
2026/08/29 20:08:34.287, 2457 MHz, 85, 73.10 W, 96 %
2026/08/29 20:08:39.289, 2444 MHz, 85, 76.29 W, 96 %
2026/08/29 20:08:44.289, 2450 MHz, 86, 76.56 W, 96 %
2026/08/29 20:08:49.290, 2450 MHz, 85, 76.11 W, 96 %
2026/08/29 20:08:54.290, 2450 MHz, 85, 76.47 W, 96 %
2026/08/29 20:08:59.291, 2450 MHz, 86, 75.85 W, 96 %
2026/08/29 20:09:04.292, 2405 MHz, 86, 72.75 W, 96 %
2026/08/29 20:09:09.293, 2424 MHz, 85, 74.48 W, 96 %
2026/08/29 20:09:14.294, 2502 MHz, 79, 40.13 W, 94 %
2026/08/29 20:09:19.295, 2463 MHz, 82, 64.72 W, 96 %
2026/08/29 20:09:24.296, 2463 MHz, 84, 66.01 W, 96 %
2026/08/29 20:09:29.297, 2463 MHz, 81, 66.11 W, 95 %
2026/08/29 20:09:34.298, 2463 MHz, 83, 66.86 W, 95 %
2026/08/29 20:09:39.298, 2463 MHz, 83, 67.58 W, 96 %
2026/08/29 20:09:44.299, 2457 MHz, 83, 68.07 W, 96 %
2026/08/29 20:09:49.299, 2457 MHz, 83, 68.89 W, 95 %
2026/08/29 20:09:54.300, 2457 MHz, 84, 67.12 W, 96 %
2026/08/29 20:09:59.301, 2457 MHz, 84, 70.57 W, 96 %
2026/08/29 20:10:04.302, 2457 MHz, 85, 70.66 W, 96 %
2026/08/29 20:10:09.303, 2457 MHz, 84, 70.94 W, 96 %
2026/08/29 20:10:14.304, 2457 MHz, 84, 71.50 W, 96 %
2026/08/29 20:10:19.305, 2457 MHz, 84, 66.44 W, 96 %
2026/08/29 20:10:24.306, 2457 MHz, 87, 71.97 W, 95 %
2026/08/29 20:10:29.308, 2457 MHz, 85, 72.20 W, 96 %
2026/08/29 20:10:34.308, 2450 MHz, 87, 73.17 W, 96 %
2026/08/29 20:10:39.309, 2450 MHz, 85, 73.54 W, 96 %
2026/08/29 20:10:44.310, 2431 MHz, 88, 73.21 W, 96 %
2026/08/29 20:10:49.310, 2431 MHz, 85, 73.56 W, 96 %
2026/08/29 20:10:54.311, 2457 MHz, 84, 56.71 W, 96 %
2026/08/29 20:10:59.312, 2457 MHz, 85, 71.13 W, 96 %
2026/08/29 20:11:04.313, 2450 MHz, 84, 72.36 W, 96 %
2026/08/29 20:11:09.314, 2431 MHz, 85, 71.02 W, 96 %
2026/08/29 20:11:14.315, 2450 MHz, 85, 72.60 W, 96 %
2026/08/29 20:11:19.316, 2457 MHz, 85, 72.57 W, 95 %
2026/08/29 20:11:24.317, 2457 MHz, 83, 68.24 W, 96 %
2026/08/29 20:11:29.318, 2457 MHz, 83, 66.76 W, 96 %
2026/08/29 20:11:34.319, 2437 MHz, 86, 72.89 W, 96 %
2026/08/29 20:11:39.320, 2457 MHz, 85, 69.79 W, 96 %
2026/08/29 20:11:44.320, 2457 MHz, 85, 70.26 W, 96 %
2026/08/29 20:11:49.321, 2450 MHz, 85, 71.46 W, 96 %
2026/08/29 20:11:54.322, 2444 MHz, 87, 67.62 W, 96 %
2026/08/29 20:11:59.322, 2450 MHz, 85, 71.68 W, 96 %
2026/08/29 20:12:04.323, 2457 MHz, 83, 67.07 W, 96 %
2026/08/29 20:12:09.324, 2450 MHz, 85, 70.03 W, 96 %
2026/08/29 20:12:14.324, 2502 MHz, 78, 38.24 W, 93 %
2026/08/29 20:12:19.326, 2502 MHz, 74, 20.75 W, 96 %
2026/08/29 20:12:24.327, 2463 MHz, 80, 65.15 W, 95 %
2026/08/29 20:12:29.328, 2463 MHz, 82, 65.78 W, 96 %
2026/08/29 20:12:34.329, 2463 MHz, 83, 66.50 W, 96 %
2026/08/29 20:12:39.330, 2463 MHz, 83, 67.37 W, 95 %
2026/08/29 20:12:44.331, 2463 MHz, 83, 67.38 W, 96 %
2026/08/29 20:12:49.332, 2457 MHz, 83, 66.27 W, 96 %
2026/08/29 20:12:54.333, 2457 MHz, 82, 68.97 W, 95 %
2026/08/29 20:12:59.334, 2457 MHz, 84, 69.71 W, 96 %
2026/08/29 20:13:04.335, 2457 MHz, 84, 70.20 W, 96 %
2026/08/29 20:13:09.336, 2457 MHz, 86, 71.00 W, 96 %
2026/08/29 20:13:14.337, 2457 MHz, 86, 70.84 W, 96 %
2026/08/29 20:13:19.338, 2457 MHz, 85, 71.29 W, 95 %
2026/08/29 20:13:24.339, 2457 MHz, 84, 72.38 W, 96 %
2026/08/29 20:13:29.340, 2457 MHz, 85, 72.74 W, 96 %
2026/08/29 20:13:34.341, 2450 MHz, 85, 72.53 W, 96 %
2026/08/29 20:13:39.342, 2457 MHz, 85, 70.78 W, 96 %
2026/08/29 20:13:44.343, 2418 MHz, 85, 72.46 W, 96 %
2026/08/29 20:13:49.344, 2424 MHz, 85, 73.23 W, 96 %
2026/08/29 20:13:54.345, 2450 MHz, 87, 74.41 W, 96 %
2026/08/29 20:13:59.346, 2450 MHz, 88, 71.88 W, 96 %
2026/08/29 20:14:04.347, 2450 MHz, 87, 72.71 W, 96 %
2026/08/29 20:14:09.348, 2450 MHz, 85, 73.77 W, 96 %
2026/08/29 20:14:14.349, 2450 MHz, 87, 72.52 W, 96 %
2026/08/29 20:14:19.350, 2424 MHz, 89, 74.06 W, 95 %
2026/08/29 20:14:24.351, 2411 MHz, 84, 72.40 W, 96 %
2026/08/29 20:14:29.353, 2405 MHz, 87, 71.34 W, 96 %
2026/08/29 20:14:34.353, 2444 MHz, 86, 75.44 W, 96 %
2026/08/29 20:14:39.354, 2450 MHz, 83, 74.95 W, 96 %
2026/08/29 20:14:44.355, 2450 MHz, 84, 75.34 W, 96 %
2026/08/29 20:14:49.356, 2450 MHz, 86, 74.70 W, 96 %
2026/08/29 20:14:54.357, 2450 MHz, 88, 77.10 W, 96 %
2026/08/29 20:14:59.357, 2444 MHz, 85, 76.54 W, 96 %
2026/08/29 20:15:04.357, 2424 MHz, 84, 75.22 W, 96 %
2026/08/29 20:15:09.358, 2502 MHz, 77, 40.01 W, 95 %
2026/08/29 20:15:14.359, 2470 MHz, 81, 64.80 W, 95 %
2026/08/29 20:15:19.360, 2470 MHz, 82, 62.50 W, 96 %
2026/08/29 20:15:24.361, 2463 MHz, 82, 66.28 W, 96 %
2026/08/29 20:15:29.361, 2463 MHz, 83, 66.71 W, 96 %
2026/08/29 20:15:34.362, 2457 MHz, 82, 67.24 W, 96 %
2026/08/29 20:15:39.362, 2463 MHz, 83, 68.01 W, 96 %
2026/08/29 20:15:44.364, 2457 MHz, 82, 68.93 W, 96 %
2026/08/29 20:15:49.365, 2457 MHz, 84, 69.05 W, 96 %
2026/08/29 20:15:54.366, 2457 MHz, 83, 69.83 W, 96 %
2026/08/29 20:15:59.367, 2457 MHz, 84, 70.66 W, 96 %
2026/08/29 20:16:04.368, 2457 MHz, 83, 70.52 W, 95 %
2026/08/29 20:16:09.369, 2457 MHz, 84, 69.92 W, 96 %
2026/08/29 20:16:14.370, 2457 MHz, 86, 71.56 W, 95 %
2026/08/29 20:16:19.371, 2457 MHz, 85, 72.43 W, 96 %
2026/08/29 20:16:24.371, 2450 MHz, 86, 73.06 W, 96 %
2026/08/29 20:16:29.372, 2457 MHz, 82, 72.60 W, 96 %
2026/08/29 20:16:34.372, 2450 MHz, 85, 73.67 W, 96 %
2026/08/29 20:16:39.373, 2450 MHz, 86, 73.54 W, 96 %
2026/08/29 20:16:44.374, 2450 MHz, 86, 73.98 W, 96 %
2026/08/29 20:16:49.375, 2450 MHz, 85, 73.89 W, 96 %
2026/08/29 20:16:54.377, 2444 MHz, 85, 73.91 W, 96 %
2026/08/29 20:16:59.377, 2450 MHz, 87, 70.48 W, 96 %
2026/08/29 20:17:04.378, 2450 MHz, 84, 74.22 W, 96 %
2026/08/29 20:17:09.379, 2450 MHz, 86, 73.82 W, 96 %
2026/08/29 20:17:14.379, 2450 MHz, 84, 73.34 W, 96 %
2026/08/29 20:17:19.380, 2450 MHz, 86, 73.12 W, 96 %
2026/08/29 20:17:24.380, 2450 MHz, 86, 74.37 W, 96 %
2026/08/29 20:17:29.381, 2411 MHz, 85, 75.03 W, 96 %
2026/08/29 20:17:34.383, 2450 MHz, 88, 76.27 W, 95 %
2026/08/29 20:17:39.384, 2450 MHz, 86, 73.75 W, 96 %
2026/08/29 20:17:44.385, 2450 MHz, 85, 76.62 W, 96 %
2026/08/29 20:17:49.386, 2450 MHz, 84, 75.53 W, 96 %
2026/08/29 20:17:54.386, 2379 MHz, 84, 75.01 W, 96 %
2026/08/29 20:17:59.388, 2502 MHz, 79, 49.73 W, 95 %
2026/08/29 20:18:04.388, 2502 MHz, 77, 39.54 W, 93 %
2026/08/29 20:18:09.389, 2470 MHz, 81, 64.63 W, 95 %
2026/08/29 20:18:14.390, 2470 MHz, 82, 64.74 W, 96 %
2026/08/29 20:18:19.391, 2463 MHz, 82, 66.07 W, 96 %
2026/08/29 20:18:24.392, 2463 MHz, 83, 66.57 W, 96 %
2026/08/29 20:18:29.393, 2463 MHz, 82, 67.15 W, 96 %
2026/08/29 20:18:34.394, 2457 MHz, 83, 68.18 W, 96 %
2026/08/29 20:18:39.396, 2457 MHz, 82, 67.56 W, 96 %
2026/08/29 20:18:44.396, 2457 MHz, 83, 69.21 W, 96 %
2026/08/29 20:18:49.397, 2457 MHz, 84, 70.21 W, 95 %
2026/08/29 20:18:54.397, 2457 MHz, 84, 70.24 W, 96 %
2026/08/29 20:18:59.398, 2457 MHz, 84, 70.92 W, 96 %
2026/08/29 20:19:04.399, 2457 MHz, 85, 71.17 W, 96 %
2026/08/29 20:19:09.400, 2457 MHz, 86, 71.73 W, 96 %
2026/08/29 20:19:14.401, 2457 MHz, 84, 72.56 W, 96 %
2026/08/29 20:19:19.402, 2457 MHz, 86, 72.30 W, 96 %
2026/08/29 20:19:24.402, 2457 MHz, 85, 72.94 W, 95 %
2026/08/29 20:19:29.403, 2450 MHz, 86, 71.85 W, 96 %
2026/08/29 20:19:34.404, 2450 MHz, 84, 73.97 W, 96 %
2026/08/29 20:19:39.404, 2450 MHz, 86, 73.31 W, 96 %
2026/08/29 20:19:44.405, 2431 MHz, 84, 70.94 W, 96 %
2026/08/29 20:19:49.407, 2457 MHz, 84, 73.04 W, 96 %
2026/08/29 20:19:54.408, 2450 MHz, 85, 74.97 W, 96 %
2026/08/29 20:19:59.409, 2450 MHz, 85, 74.85 W, 96 %
2026/08/29 20:20:04.409, 2450 MHz, 86, 75.77 W, 96 %
2026/08/29 20:20:09.411, 2405 MHz, 84, 70.13 W, 96 %
2026/08/29 20:20:14.412, 2424 MHz, 85, 73.46 W, 96 %
2026/08/29 20:20:19.413, 2444 MHz, 85, 76.33 W, 96 %
2026/08/29 20:20:24.414, 2444 MHz, 84, 75.52 W, 96 %
2026/08/29 20:20:29.415, 2450 MHz, 84, 75.30 W, 96 %
2026/08/29 20:20:34.416, 2450 MHz, 85, 74.63 W, 96 %
2026/08/29 20:20:39.417, 2450 MHz, 85, 74.74 W, 96 %
2026/08/29 20:20:44.418, 2450 MHz, 85, 76.00 W, 96 %
2026/08/29 20:20:49.419, 2431 MHz, 84, 74.38 W, 96 %
2026/08/29 20:20:54.420, 2502 MHz, 78, 39.98 W, 95 %
2026/08/29 20:20:59.421, 2483 MHz, 82, 61.75 W, 96 %
2026/08/29 20:21:04.421, 2502 MHz, 76, 38.81 W, 95 %
2026/08/29 20:21:09.422, 2483 MHz, 81, 62.76 W, 96 %
2026/08/29 20:21:14.423, 2502 MHz, 76, 38.39 W, 94 %
2026/08/29 20:21:19.424, 2483 MHz, 81, 61.47 W, 95 %
2026/08/29 20:21:24.425, 2496 MHz, 80, 60.35 W, 96 %
2026/08/29 20:21:29.426, 2483 MHz, 81, 63.78 W, 96 %
2026/08/29 20:21:34.427, 2502 MHz, 77, 44.54 W, 95 %
2026/08/29 20:21:39.427, 2502 MHz, 77, 43.20 W, 95 %
2026/08/29 20:21:44.429, 2489 MHz, 80, 63.73 W, 96 %
2026/08/29 20:21:49.429, 2483 MHz, 81, 64.03 W, 96 %
2026/08/29 20:21:54.430, 2483 MHz, 80, 64.12 W, 96 %
2026/08/29 20:21:59.431, 2502 MHz, 77, 43.99 W, 95 %
2026/08/29 20:22:04.432, 2502 MHz, 77, 42.92 W, 95 %
2026/08/29 20:22:09.432, 2483 MHz, 82, 63.87 W, 96 %
2026/08/29 20:22:14.434, 2483 MHz, 80, 65.08 W, 96 %
2026/08/29 20:22:19.434, 2476 MHz, 83, 63.85 W, 96 %
2026/08/29 20:22:24.435, 2502 MHz, 78, 44.06 W, 95 %
2026/08/29 20:22:29.435, 2502 MHz, 77, 43.36 W, 95 %
2026/08/29 20:22:34.436, 2489 MHz, 82, 64.20 W, 96 %
2026/08/29 20:22:39.437, 2483 MHz, 82, 64.10 W, 96 %
2026/08/29 20:22:44.438, 2476 MHz, 82, 63.77 W, 96 %
2026/08/29 20:22:49.438, 2502 MHz, 78, 44.49 W, 95 %
2026/08/29 20:22:54.439, 2502 MHz, 77, 43.00 W, 95 %
2026/08/29 20:22:59.440, 2489 MHz, 80, 63.71 W, 96 %
2026/08/29 20:23:04.441, 2476 MHz, 81, 61.60 W, 96 %
2026/08/29 20:23:09.442, 2476 MHz, 80, 64.16 W, 96 %
2026/08/29 20:23:14.443, 2502 MHz, 78, 44.30 W, 95 %
2026/08/29 20:23:19.443, 2502 MHz, 77, 43.72 W, 95 %
2026/08/29 20:23:24.444, 2489 MHz, 79, 63.43 W, 96 %
2026/08/29 20:23:29.445, 2483 MHz, 83, 64.30 W, 96 %
2026/08/29 20:23:34.447, 2476 MHz, 80, 64.15 W, 96 %
2026/08/29 20:23:39.448, 2502 MHz, 77, 43.08 W, 95 %
2026/08/29 20:23:44.449, 2502 MHz, 77, 42.68 W, 95 %
2026/08/29 20:23:49.449, 2483 MHz, 81, 64.09 W, 96 %
2026/08/29 20:23:54.451, 2476 MHz, 81, 63.41 W, 96 %
2026/08/29 20:23:59.452, 2483 MHz, 83, 63.49 W, 96 %
2026/08/29 20:24:04.452, 2502 MHz, 77, 43.84 W, 95 %
2026/08/29 20:24:09.453, 2502 MHz, 77, 44.00 W, 95 %
2026/08/29 20:24:14.454, 2483 MHz, 80, 63.90 W, 96 %
2026/08/29 20:24:19.454, 2476 MHz, 80, 64.10 W, 96 %
2026/08/29 20:24:24.456, 2483 MHz, 81, 63.59 W, 96 %
2026/08/29 20:24:29.457, 2502 MHz, 78, 30.88 W, 96 %
2026/08/29 20:24:34.458, 2483 MHz, 81, 62.86 W, 96 %
2026/08/29 20:24:39.459, 2476 MHz, 80, 62.55 W, 96 %
2026/08/29 20:24:44.459, 2476 MHz, 81, 63.46 W, 95 %
2026/08/29 20:24:49.461, 2502 MHz, 78, 46.62 W, 96 %
2026/08/29 20:24:54.461, 2502 MHz, 77, 44.44 W, 95 %
2026/08/29 20:24:59.462, 2489 MHz, 79, 57.46 W, 96 %
2026/08/29 20:25:04.463, 2489 MHz, 79, 63.11 W, 96 %
2026/08/29 20:25:09.464, 2483 MHz, 81, 63.78 W, 96 %
2026/08/29 20:25:14.465, 2476 MHz, 81, 63.71 W, 96 %
2026/08/29 20:25:19.466, 2489 MHz, 83, 63.58 W, 96 %
2026/08/29 20:25:24.466, 2483 MHz, 82, 64.19 W, 96 %
2026/08/29 20:25:29.468, 2502 MHz, 79, 47.04 W, 95 %
2026/08/29 20:25:34.469, 2502 MHz, 77, 47.07 W, 95 %
2026/08/29 20:25:39.469, 2476 MHz, 81, 54.59 W, 96 %
2026/08/29 20:25:44.470, 2483 MHz, 81, 64.72 W, 96 %
2026/08/29 20:25:49.471, 2489 MHz, 81, 60.52 W, 96 %
2026/08/29 20:25:54.472, 2483 MHz, 82, 63.99 W, 96 %
2026/08/29 20:25:59.473, 2483 MHz, 80, 56.78 W, 96 %
2026/08/29 20:26:04.474, 2470 MHz, 81, 63.33 W, 96 %
2026/08/29 20:26:09.475, 2470 MHz, 81, 64.51 W, 96 %
2026/08/29 20:26:14.475, 2502 MHz, 78, 46.10 W, 95 %
2026/08/29 20:26:19.476, 2502 MHz, 78, 45.15 W, 95 %
2026/08/29 20:26:24.478, 2483 MHz, 80, 63.95 W, 96 %
2026/08/29 20:26:29.479, 2496 MHz, 81, 60.85 W, 96 %
2026/08/29 20:26:34.479, 2483 MHz, 80, 63.58 W, 96 %
2026/08/29 20:26:39.481, 2489 MHz, 81, 63.76 W, 96 %
2026/08/29 20:26:44.482, 2483 MHz, 83, 60.86 W, 96 %
2026/08/29 20:26:49.483, 2476 MHz, 81, 63.86 W, 96 %
2026/08/29 20:26:54.483, 2502 MHz, 78, 47.15 W, 95 %
2026/08/29 20:26:59.485, 2502 MHz, 78, 45.77 W, 95 %
2026/08/29 20:27:04.487, 2483 MHz, 81, 64.18 W, 96 %
2026/08/29 20:27:09.487, 2470 MHz, 82, 64.88 W, 96 %
2026/08/29 20:27:14.488, 2489 MHz, 83, 64.03 W, 96 %
2026/08/29 20:27:19.489, 2483 MHz, 83, 64.17 W, 96 %
2026/08/29 20:27:24.490, 2470 MHz, 79, 64.28 W, 96 %
2026/08/29 20:27:29.490, 2476 MHz, 81, 64.31 W, 96 %
2026/08/29 20:27:34.491, 2502 MHz, 79, 45.81 W, 95 %
2026/08/29 20:27:39.493, 2502 MHz, 78, 47.23 W, 95 %
2026/08/29 20:27:44.494, 2496 MHz, 80, 46.21 W, 94 %
2026/08/29 20:27:49.495, 2483 MHz, 81, 64.59 W, 96 %
2026/08/29 20:27:54.496, 2483 MHz, 82, 64.10 W, 96 %
2026/08/29 20:27:59.496, 2476 MHz, 81, 64.35 W, 96 %
2026/08/29 20:28:04.497, 2470 MHz, 82, 64.36 W, 96 %
2026/08/29 20:28:09.499, 2470 MHz, 81, 60.81 W, 96 %
2026/08/29 20:28:14.500, 2502 MHz, 79, 59.33 W, 96 %
2026/08/29 20:28:19.500, 2502 MHz, 79, 47.14 W, 95 %
2026/08/29 20:28:24.501, 2502 MHz, 78, 44.23 W, 94 %
2026/08/29 20:28:29.503, 2476 MHz, 82, 64.29 W, 96 %
2026/08/29 20:28:34.503, 2476 MHz, 83, 62.90 W, 96 %
2026/08/29 20:28:39.504, 2470 MHz, 81, 64.64 W, 96 %
2026/08/29 20:28:44.506, 2470 MHz, 81, 64.01 W, 95 %
2026/08/29 20:28:49.507, 2470 MHz, 82, 63.97 W, 96 %
2026/08/29 20:28:54.508, 2470 MHz, 83, 62.78 W, 96 %
2026/08/29 20:28:59.509, 2502 MHz, 79, 47.17 W, 96 %
2026/08/29 20:29:04.510, 2502 MHz, 79, 46.97 W, 95 %
2026/08/29 20:29:09.511, 2476 MHz, 80, 63.78 W, 96 %
2026/08/29 20:29:14.513, 2476 MHz, 83, 64.72 W, 96 %
2026/08/29 20:29:19.514, 2476 MHz, 81, 59.55 W, 96 %
2026/08/29 20:29:24.515, 2476 MHz, 80, 63.92 W, 96 %
2026/08/29 20:29:29.516, 2470 MHz, 81, 64.66 W, 96 %
2026/08/29 20:29:34.517, 2476 MHz, 79, 63.40 W, 96 %
2026/08/29 20:29:39.518, 2476 MHz, 82, 62.65 W, 96 %
2026/08/29 20:29:44.519, 2470 MHz, 84, 64.53 W, 96 %
2026/08/29 20:29:49.520, 2476 MHz, 84, 61.99 W, 96 %
2026/08/29 20:29:54.521, 2496 MHz, 76, 44.58 W, 96 %
2026/08/29 20:29:59.523, 2502 MHz, 74, 24.49 W, 96 %
2026/08/29 20:30:04.524, 2489 MHz, 82, 59.06 W, 96 %
2026/08/29 20:30:09.525, 2502 MHz, 74, 22.21 W, 0 %
2026/08/29 20:30:14.526, 2502 MHz, 73, 23.28 W, 96 %
2026/08/29 20:30:19.527, 2489 MHz, 79, 61.78 W, 96 %
2026/08/29 20:30:24.528, 2502 MHz, 77, 55.94 W, 96 %
2026/08/29 20:30:29.528, 2502 MHz, 77, 46.28 W, 96 %
2026/08/29 20:30:34.529, 2502 MHz, 77, 46.48 W, 95 %
2026/08/29 20:30:39.530, 2502 MHz, 75, 40.88 W, 95 %
2026/08/29 20:30:44.531, 2496 MHz, 76, 56.16 W, 95 %
2026/08/29 20:30:49.532, 2489 MHz, 80, 62.95 W, 96 %
2026/08/29 20:30:54.533, 2489 MHz, 81, 58.60 W, 96 %
2026/08/29 20:30:59.534, 2489 MHz, 81, 58.51 W, 96 %
2026/08/29 20:31:04.536, 2489 MHz, 79, 57.31 W, 96 %
2026/08/29 20:31:09.537, 2489 MHz, 82, 57.08 W, 96 %
2026/08/29 20:31:14.538, 2489 MHz, 79, 57.62 W, 96 %
2026/08/29 20:31:19.539, 2496 MHz, 80, 57.17 W, 96 %
2026/08/29 20:31:24.540, 2476 MHz, 80, 63.37 W, 96 %
2026/08/29 20:31:29.542, 2476 MHz, 82, 61.16 W, 96 %
2026/08/29 20:31:34.543, 2483 MHz, 82, 57.59 W, 96 %
2026/08/29 20:31:39.543, 2489 MHz, 79, 60.83 W, 96 %
2026/08/29 20:31:44.544, 2483 MHz, 79, 60.95 W, 96 %
2026/08/29 20:31:49.546, 2502 MHz, 77, 45.10 W, 95 %
2026/08/29 20:31:54.547, 2502 MHz, 78, 46.44 W, 95 %
2026/08/29 20:31:59.548, 2502 MHz, 77, 45.24 W, 95 %
2026/08/29 20:32:04.549, 2489 MHz, 81, 60.55 W, 96 %
2026/08/29 20:32:09.550, 2483 MHz, 82, 64.03 W, 96 %
2026/08/29 20:32:14.551, 2476 MHz, 80, 63.47 W, 96 %
2026/08/29 20:32:19.552, 2476 MHz, 81, 64.12 W, 96 %
2026/08/29 20:32:24.552, 2483 MHz, 82, 64.38 W, 96 %
2026/08/29 20:32:29.553, 2470 MHz, 81, 63.80 W, 96 %
2026/08/29 20:32:34.553, 2476 MHz, 83, 64.51 W, 96 %
2026/08/29 20:32:39.554, 2476 MHz, 80, 64.06 W, 96 %
2026/08/29 20:32:44.555, 2476 MHz, 83, 63.84 W, 96 %
2026/08/29 20:32:49.556, 2476 MHz, 83, 61.35 W, 96 %
2026/08/29 20:32:54.557, 2470 MHz, 82, 64.31 W, 96 %
2026/08/29 20:32:59.558, 2489 MHz, 82, 60.65 W, 96 %
2026/08/29 20:33:04.559, 2470 MHz, 82, 64.36 W, 96 %
2026/08/29 20:33:09.560, 2502 MHz, 79, 49.21 W, 95 %
2026/08/29 20:33:14.562, 2502 MHz, 78, 48.35 W, 96 %
2026/08/29 20:33:19.563, 2502 MHz, 77, 43.88 W, 95 %
2026/08/29 20:33:24.564, 2476 MHz, 81, 64.45 W, 96 %
2026/08/29 20:33:29.565, 2483 MHz, 80, 63.61 W, 96 %
2026/08/29 20:33:34.566, 2483 MHz, 83, 64.61 W, 96 %
2026/08/29 20:33:39.567, 2476 MHz, 81, 64.20 W, 96 %
2026/08/29 20:33:44.568, 2470 MHz, 82, 63.90 W, 96 %
2026/08/29 20:33:49.569, 2470 MHz, 82, 64.85 W, 96 %
2026/08/29 20:33:54.569, 2470 MHz, 82, 63.88 W, 96 %
2026/08/29 20:33:59.571, 2470 MHz, 82, 63.77 W, 96 %
2026/08/29 20:34:04.572, 2470 MHz, 84, 65.12 W, 96 %
2026/08/29 20:34:09.573, 2476 MHz, 81, 62.87 W, 96 %
2026/08/29 20:34:14.573, 2476 MHz, 81, 62.89 W, 96 %
2026/08/29 20:34:19.574, 2463 MHz, 82, 64.40 W, 96 %
2026/08/29 20:34:24.575, 2502 MHz, 80, 49.55 W, 96 %
2026/08/29 20:34:29.575, 2502 MHz, 79, 49.59 W, 95 %
2026/08/29 20:34:34.576, 2502 MHz, 78, 45.53 W, 95 %
2026/08/29 20:34:39.577, 2470 MHz, 81, 64.72 W, 96 %
2026/08/29 20:34:44.578, 2470 MHz, 81, 64.10 W, 96 %
2026/08/29 20:34:49.579, 2470 MHz, 81, 64.60 W, 96 %
2026/08/29 20:34:54.579, 2470 MHz, 84, 64.11 W, 96 %
2026/08/29 20:34:59.580, 2470 MHz, 83, 63.27 W, 96 %
2026/08/29 20:35:04.581, 2470 MHz, 82, 64.38 W, 96 %
2026/08/29 20:35:09.582, 2470 MHz, 82, 64.05 W, 96 %
2026/08/29 20:35:14.582, 2470 MHz, 81, 64.43 W, 96 %
2026/08/29 20:35:19.583, 2463 MHz, 83, 64.92 W, 95 %
2026/08/29 20:35:24.584, 2470 MHz, 84, 64.33 W, 96 %
2026/08/29 20:35:29.585, 2470 MHz, 81, 64.53 W, 96 %
2026/08/29 20:35:34.586, 2470 MHz, 81, 64.38 W, 96 %
2026/08/29 20:35:39.587, 2502 MHz, 80, 49.72 W, 95 %
2026/08/29 20:35:44.587, 2502 MHz, 80, 49.67 W, 96 %
2026/08/29 20:35:49.588, 2502 MHz, 79, 46.00 W, 95 %
2026/08/29 20:35:54.588, 2470 MHz, 82, 64.29 W, 96 %
2026/08/29 20:35:59.589, 2470 MHz, 81, 64.58 W, 96 %
2026/08/29 20:36:04.590, 2470 MHz, 81, 63.94 W, 96 %
2026/08/29 20:36:09.591, 2470 MHz, 81, 64.20 W, 96 %
2026/08/29 20:36:14.592, 2470 MHz, 84, 64.58 W, 96 %
2026/08/29 20:36:19.593, 2463 MHz, 83, 64.71 W, 96 %
2026/08/29 20:36:24.593, 2470 MHz, 82, 64.32 W, 96 %
2026/08/29 20:36:29.594, 2470 MHz, 82, 64.65 W, 96 %
2026/08/29 20:36:34.594, 2470 MHz, 83, 64.64 W, 96 %
2026/08/29 20:36:39.595, 2470 MHz, 82, 63.81 W, 95 %
2026/08/29 20:36:44.596, 2463 MHz, 83, 63.22 W, 95 %
2026/08/29 20:36:49.597, 2470 MHz, 82, 64.45 W, 96 %
2026/08/29 20:36:54.597, 2502 MHz, 80, 49.85 W, 95 %
2026/08/29 20:36:59.598, 2502 MHz, 80, 49.68 W, 94 %
2026/08/29 20:37:04.599, 2502 MHz, 79, 46.69 W, 95 %
2026/08/29 20:37:09.600, 2470 MHz, 81, 62.66 W, 96 %
2026/08/29 20:37:14.601, 2476 MHz, 83, 64.29 W, 96 %
2026/08/29 20:37:19.602, 2470 MHz, 81, 64.27 W, 96 %
2026/08/29 20:37:24.602, 2470 MHz, 83, 62.66 W, 96 %
2026/08/29 20:37:29.604, 2470 MHz, 82, 64.28 W, 96 %
2026/08/29 20:37:34.604, 2476 MHz, 84, 62.76 W, 96 %
2026/08/29 20:37:39.605, 2470 MHz, 84, 63.97 W, 95 %
2026/08/29 20:37:44.606, 2470 MHz, 82, 64.32 W, 96 %
2026/08/29 20:37:49.607, 2470 MHz, 81, 64.04 W, 96 %
2026/08/29 20:37:54.608, 2470 MHz, 81, 62.94 W, 96 %
2026/08/29 20:37:59.609, 2470 MHz, 83, 65.27 W, 96 %
2026/08/29 20:38:04.610, 2470 MHz, 82, 64.36 W, 96 %
2026/08/29 20:38:09.611, 2502 MHz, 80, 48.91 W, 95 %
2026/08/29 20:38:14.611, 2502 MHz, 80, 49.74 W, 95 %
2026/08/29 20:38:19.613, 2502 MHz, 79, 46.76 W, 95 %
