2026/08/30 06:11:44.000, 2567 MHz, 50, 15.00 W, 0 %
2026/08/30 06:11:49.008, 2567 MHz, 51, 18.51 W, 96 %
2026/08/30 06:11:54.008, 2541 MHz, 55, 33.23 W, 94 %
2026/08/30 06:11:59.009, 2541 MHz, 56, 46.60 W, 96 %
2026/08/30 06:12:04.009, 2541 MHz, 57, 33.72 W, 93 %
2026/08/30 06:12:09.010, 2541 MHz, 57, 33.48 W, 94 %
2026/08/30 06:12:14.011, 2541 MHz, 59, 34.39 W, 94 %
2026/08/30 06:12:19.012, 2515 MHz, 62, 57.76 W, 96 %
2026/08/30 06:12:24.013, 2541 MHz, 60, 34.60 W, 94 %
2026/08/30 06:12:29.014, 2541 MHz, 60, 34.77 W, 94 %
2026/08/30 06:12:34.015, 2541 MHz, 61, 35.34 W, 94 %
2026/08/30 06:12:39.015, 2541 MHz, 62, 34.97 W, 93 %
2026/08/30 06:12:44.016, 2541 MHz, 63, 35.17 W, 94 %
2026/08/30 06:12:49.016, 2541 MHz, 62, 34.80 W, 94 %
2026/08/30 06:12:54.017, 2522 MHz, 63, 35.43 W, 93 %
2026/08/30 06:12:59.017, 2509 MHz, 68, 58.63 W, 96 %
2026/08/30 06:13:04.018, 2522 MHz, 64, 35.44 W, 94 %
2026/08/30 06:13:09.018, 2522 MHz, 64, 35.43 W, 94 %
2026/08/30 06:13:14.019, 2522 MHz, 64, 35.73 W, 93 %
2026/08/30 06:13:19.021, 2509 MHz, 66, 45.29 W, 96 %
2026/08/30 06:13:24.022, 2509 MHz, 69, 60.38 W, 96 %
2026/08/30 06:13:29.023, 2522 MHz, 65, 36.08 W, 94 %
2026/08/30 06:13:34.023, 2509 MHz, 70, 60.45 W, 96 %
2026/08/30 06:13:39.025, 2522 MHz, 66, 36.42 W, 94 %
2026/08/30 06:13:44.026, 2509 MHz, 70, 59.86 W, 96 %
2026/08/30 06:13:49.026, 2522 MHz, 67, 46.10 W, 94 %
2026/08/30 06:13:54.028, 2522 MHz, 69, 38.18 W, 93 %
2026/08/30 06:13:59.028, 2489 MHz, 72, 61.90 W, 96 %
2026/08/30 06:14:04.029, 2522 MHz, 68, 36.78 W, 93 %
2026/08/30 06:14:09.031, 2489 MHz, 72, 61.00 W, 96 %
2026/08/30 06:14:14.032, 2522 MHz, 68, 36.92 W, 94 %
2026/08/30 06:14:19.033, 2496 MHz, 72, 60.03 W, 96 %
2026/08/30 06:14:24.034, 2522 MHz, 69, 42.21 W, 94 %
2026/08/30 06:14:29.035, 2522 MHz, 69, 37.02 W, 94 %
2026/08/30 06:14:34.036, 2489 MHz, 74, 61.70 W, 96 %
2026/08/30 06:14:39.036, 2522 MHz, 70, 37.12 W, 94 %
2026/08/30 06:14:44.037, 2496 MHz, 74, 61.56 W, 96 %
2026/08/30 06:14:49.038, 2522 MHz, 70, 37.31 W, 94 %
2026/08/30 06:14:54.039, 2489 MHz, 73, 53.73 W, 96 %
2026/08/30 06:14:59.040, 2489 MHz, 74, 62.18 W, 95 %
2026/08/30 06:15:04.040, 2522 MHz, 70, 34.55 W, 96 %
2026/08/30 06:15:09.041, 2489 MHz, 75, 61.86 W, 96 %
2026/08/30 06:15:14.042, 2522 MHz, 71, 37.67 W, 94 %
2026/08/30 06:15:19.043, 2489 MHz, 75, 61.23 W, 96 %
2026/08/30 06:15:24.044, 2502 MHz, 72, 51.92 W, 96 %
2026/08/30 06:15:29.045, 2522 MHz, 71, 37.62 W, 94 %
2026/08/30 06:15:34.045, 2489 MHz, 75, 62.31 W, 96 %
2026/08/30 06:15:39.047, 2522 MHz, 72, 37.79 W, 94 %
2026/08/30 06:15:44.048, 2489 MHz, 76, 62.08 W, 96 %
2026/08/30 06:15:49.049, 2522 MHz, 72, 37.94 W, 94 %
2026/08/30 06:15:54.050, 2489 MHz, 76, 43.05 W, 35 %
2026/08/30 06:15:59.051, 2489 MHz, 76, 62.84 W, 96 %
2026/08/30 06:16:04.052, 2489 MHz, 76, 63.63 W, 96 %
2026/08/30 06:16:09.053, 2489 MHz, 76, 64.44 W, 96 %
2026/08/30 06:16:14.054, 2502 MHz, 74, 51.71 W, 96 %
2026/08/30 06:16:19.055, 2502 MHz, 72, 36.92 W, 94 %
2026/08/30 06:16:24.056, 2489 MHz, 76, 62.26 W, 96 %
2026/08/30 06:16:29.057, 2489 MHz, 77, 63.70 W, 95 %
2026/08/30 06:16:34.059, 2489 MHz, 78, 64.17 W, 96 %
2026/08/30 06:16:39.060, 2489 MHz, 79, 65.26 W, 96 %
2026/08/30 06:16:44.061, 2502 MHz, 74, 38.33 W, 94 %
2026/08/30 06:16:49.063, 2489 MHz, 77, 62.58 W, 96 %
2026/08/30 06:16:54.063, 2489 MHz, 78, 64.21 W, 96 %
2026/08/30 06:16:59.065, 2489 MHz, 78, 64.65 W, 96 %
2026/08/30 06:17:04.066, 2489 MHz, 78, 65.39 W, 96 %
2026/08/30 06:17:09.067, 2502 MHz, 74, 38.23 W, 93 %
2026/08/30 06:17:14.068, 2489 MHz, 78, 61.61 W, 96 %
2026/08/30 06:17:19.069, 2489 MHz, 79, 63.79 W, 96 %
2026/08/30 06:17:24.070, 2489 MHz, 78, 65.13 W, 96 %
2026/08/30 06:17:29.072, 2489 MHz, 78, 65.39 W, 96 %
2026/08/30 06:17:34.072, 2502 MHz, 75, 41.88 W, 94 %
2026/08/30 06:17:39.074, 2502 MHz, 77, 41.40 W, 94 %
2026/08/30 06:17:44.075, 2489 MHz, 80, 64.28 W, 96 %
2026/08/30 06:17:49.075, 2489 MHz, 80, 64.40 W, 96 %
2026/08/30 06:17:54.076, 2476 MHz, 80, 65.94 W, 96 %
2026/08/30 06:17:59.077, 2463 MHz, 78, 62.73 W, 96 %
2026/08/30 06:18:04.078, 2502 MHz, 75, 38.67 W, 93 %
2026/08/30 06:18:09.080, 2489 MHz, 80, 63.73 W, 96 %
2026/08/30 06:18:14.080, 2483 MHz, 80, 65.08 W, 96 %
2026/08/30 06:18:19.081, 2476 MHz, 80, 65.07 W, 96 %
2026/08/30 06:18:24.083, 2470 MHz, 80, 65.59 W, 96 %
2026/08/30 06:18:29.084, 2502 MHz, 76, 38.66 W, 94 %
2026/08/30 06:18:34.085, 2489 MHz, 79, 62.12 W, 96 %
2026/08/30 06:18:39.086, 2476 MHz, 81, 64.35 W, 96 %
2026/08/30 06:18:44.087, 2489 MHz, 81, 64.94 W, 96 %
2026/08/30 06:18:49.088, 2470 MHz, 81, 65.25 W, 96 %
2026/08/30 06:18:54.089, 2502 MHz, 76, 39.03 W, 94 %
2026/08/30 06:18:59.090, 2489 MHz, 81, 63.35 W, 96 %
2026/08/30 06:19:04.091, 2489 MHz, 81, 64.51 W, 96 %
2026/08/30 06:19:09.092, 2483 MHz, 81, 64.81 W, 96 %
2026/08/30 06:19:14.094, 2463 MHz, 81, 66.04 W, 95 %
2026/08/30 06:19:19.095, 2502 MHz, 77, 38.96 W, 93 %
2026/08/30 06:19:24.096, 2483 MHz, 80, 63.30 W, 96 %
2026/08/30 06:19:29.096, 2476 MHz, 81, 64.09 W, 96 %
2026/08/30 06:19:34.097, 2470 MHz, 81, 65.23 W, 96 %
2026/08/30 06:19:39.098, 2470 MHz, 82, 63.70 W, 95 %
2026/08/30 06:19:44.099, 2502 MHz, 77, 39.12 W, 94 %
2026/08/30 06:19:49.100, 2502 MHz, 76, 38.87 W, 94 %
2026/08/30 06:19:54.102, 2476 MHz, 81, 63.93 W, 96 %
2026/08/30 06:19:59.102, 2463 MHz, 81, 65.33 W, 96 %
2026/08/30 06:20:04.103, 2463 MHz, 82, 65.25 W, 96 %
2026/08/30 06:20:09.104, 2470 MHz, 82, 65.82 W, 96 %
2026/08/30 06:20:14.104, 2502 MHz, 77, 39.27 W, 94 %
2026/08/30 06:20:19.105, 2476 MHz, 81, 64.47 W, 96 %
2026/08/30 06:20:24.106, 2463 MHz, 81, 64.87 W, 96 %
2026/08/30 06:20:29.107, 2463 MHz, 82, 65.86 W, 96 %
2026/08/30 06:20:34.108, 2463 MHz, 82, 66.02 W, 96 %
2026/08/30 06:20:39.109, 2502 MHz, 77, 39.38 W, 94 %
2026/08/30 06:20:44.110, 2463 MHz, 82, 63.66 W, 96 %
2026/08/30 06:20:49.112, 2463 MHz, 82, 65.02 W, 96 %
2026/08/30 06:20:54.113, 2463 MHz, 83, 65.32 W, 96 %
2026/08/30 06:20:59.114, 2463 MHz, 82, 65.69 W, 96 %
2026/08/30 06:21:04.114, 2502 MHz, 77, 39.44 W, 94 %
2026/08/30 06:21:09.115, 2476 MHz, 81, 63.50 W, 96 %
2026/08/30 06:21:14.116, 2470 MHz, 80, 64.49 W, 96 %
2026/08/30 06:21:19.116, 2470 MHz, 82, 65.15 W, 96 %
2026/08/30 06:21:24.118, 2463 MHz, 82, 66.32 W, 96 %
2026/08/30 06:21:29.118, 2502 MHz, 77, 39.61 W, 95 %
2026/08/30 06:21:34.118, 2502 MHz, 75, 36.63 W, 94 %
2026/08/30 06:21:39.119, 2483 MHz, 81, 64.50 W, 96 %
2026/08/30 06:21:44.119, 2476 MHz, 81, 64.76 W, 96 %
2026/08/30 06:21:49.120, 2470 MHz, 82, 65.72 W, 96 %
2026/08/30 06:21:54.120, 2470 MHz, 80, 63.48 W, 96 %
2026/08/30 06:21:59.121, 2463 MHz, 81, 66.29 W, 96 %
2026/08/30 06:22:04.122, 2463 MHz, 83, 66.95 W, 96 %
2026/08/30 06:22:09.123, 2463 MHz, 82, 67.49 W, 96 %
2026/08/30 06:22:14.124, 2463 MHz, 81, 67.65 W, 96 %
2026/08/30 06:22:19.124, 2457 MHz, 83, 68.56 W, 96 %
2026/08/30 06:22:24.126, 2457 MHz, 82, 68.67 W, 96 %
2026/08/30 06:22:29.126, 2457 MHz, 82, 69.49 W, 95 %
2026/08/30 06:22:34.128, 2457 MHz, 85, 69.01 W, 96 %
2026/08/30 06:22:39.128, 2457 MHz, 84, 70.37 W, 96 %
2026/08/30 06:22:44.129, 2457 MHz, 85, 70.61 W, 96 %
2026/08/30 06:22:49.130, 2457 MHz, 82, 70.45 W, 96 %
2026/08/30 06:22:54.131, 2463 MHz, 85, 70.37 W, 96 %
2026/08/30 06:22:59.132, 2483 MHz, 80, 65.28 W, 96 %
2026/08/30 06:23:04.134, 2502 MHz, 77, 39.10 W, 94 %
2026/08/30 06:23:09.135, 2470 MHz, 81, 63.78 W, 95 %
2026/08/30 06:23:14.136, 2463 MHz, 82, 64.64 W, 96 %
2026/08/30 06:23:19.136, 2463 MHz, 82, 65.83 W, 95 %
2026/08/30 06:23:24.137, 2463 MHz, 82, 66.22 W, 96 %
2026/08/30 06:23:29.139, 2463 MHz, 82, 66.33 W, 96 %
2026/08/30 06:23:34.140, 2463 MHz, 83, 66.75 W, 96 %
2026/08/30 06:23:39.141, 2463 MHz, 82, 67.38 W, 96 %
2026/08/30 06:23:44.141, 2463 MHz, 84, 67.74 W, 96 %
2026/08/30 06:23:49.142, 2457 MHz, 84, 68.90 W, 96 %
2026/08/30 06:23:54.144, 2457 MHz, 83, 68.86 W, 96 %
2026/08/30 06:23:59.145, 2457 MHz, 84, 69.12 W, 96 %
2026/08/30 06:24:04.146, 2457 MHz, 82, 69.56 W, 96 %
2026/08/30 06:24:09.146, 2457 MHz, 84, 66.56 W, 96 %
2026/08/30 06:24:14.147, 2457 MHz, 85, 70.35 W, 96 %
2026/08/30 06:24:19.148, 2457 MHz, 84, 70.58 W, 96 %
2026/08/30 06:24:24.150, 2457 MHz, 84, 70.88 W, 96 %
2026/08/30 06:24:29.150, 2483 MHz, 80, 64.67 W, 96 %
2026/08/30 06:24:34.151, 2496 MHz, 81, 35.09 W, 0 %
2026/08/30 06:24:39.151, 2463 MHz, 82, 64.68 W, 96 %
2026/08/30 06:24:44.153, 2463 MHz, 83, 65.16 W, 96 %
2026/08/30 06:24:49.153, 2463 MHz, 82, 65.64 W, 96 %
2026/08/30 06:24:54.154, 2463 MHz, 82, 66.54 W, 95 %
2026/08/30 06:24:59.155, 2463 MHz, 81, 66.28 W, 96 %
2026/08/30 06:25:04.156, 2463 MHz, 82, 66.72 W, 96 %
2026/08/30 06:25:09.157, 2463 MHz, 82, 66.86 W, 96 %
2026/08/30 06:25:14.157, 2470 MHz, 82, 67.73 W, 96 %
2026/08/30 06:25:19.159, 2470 MHz, 82, 67.71 W, 96 %
2026/08/30 06:25:24.160, 2457 MHz, 82, 68.76 W, 96 %
2026/08/30 06:25:29.160, 2463 MHz, 82, 68.61 W, 96 %
2026/08/30 06:25:34.162, 2463 MHz, 81, 69.61 W, 96 %
2026/08/30 06:25:39.163, 2463 MHz, 82, 69.25 W, 96 %
2026/08/30 06:25:44.164, 2463 MHz, 82, 69.40 W, 96 %
2026/08/30 06:25:49.164, 2457 MHz, 83, 70.27 W, 96 %
2026/08/30 06:25:54.165, 2463 MHz, 82, 70.64 W, 96 %
2026/08/30 06:25:59.167, 2502 MHz, 76, 39.00 W, 95 %
2026/08/30 06:26:04.168, 2502 MHz, 75, 38.39 W, 94 %
2026/08/30 06:26:09.168, 2489 MHz, 80, 63.73 W, 96 %
2026/08/30 06:26:14.169, 2489 MHz, 80, 64.83 W, 96 %
2026/08/30 06:26:19.170, 2489 MHz, 79, 64.68 W, 96 %
2026/08/30 06:26:24.172, 2489 MHz, 81, 63.06 W, 96 %
2026/08/30 06:26:29.172, 2483 MHz, 80, 66.22 W, 96 %
2026/08/30 06:26:34.174, 2476 MHz, 81, 66.56 W, 96 %
2026/08/30 06:26:39.175, 2470 MHz, 82, 66.86 W, 96 %
2026/08/30 06:26:44.175, 2476 MHz, 81, 67.36 W, 96 %
2026/08/30 06:26:49.176, 2470 MHz, 81, 67.77 W, 96 %
2026/08/30 06:26:54.177, 2470 MHz, 81, 68.46 W, 96 %
2026/08/30 06:26:59.179, 2463 MHz, 81, 68.26 W, 96 %
2026/08/30 06:27:04.179, 2470 MHz, 81, 68.55 W, 96 %
2026/08/30 06:27:09.180, 2470 MHz, 81, 69.82 W, 96 %
2026/08/30 06:27:14.181, 2463 MHz, 80, 69.31 W, 96 %
2026/08/30 06:27:19.182, 2470 MHz, 82, 69.43 W, 96 %
2026/08/30 06:27:24.183, 2470 MHz, 81, 70.13 W, 96 %
2026/08/30 06:27:29.184, 2489 MHz, 77, 61.29 W, 96 %
2026/08/30 06:27:34.185, 2502 MHz, 75, 38.50 W, 94 %
2026/08/30 06:27:39.186, 2489 MHz, 79, 63.40 W, 96 %
2026/08/30 06:27:44.186, 2489 MHz, 80, 64.51 W, 96 %
2026/08/30 06:27:49.187, 2489 MHz, 79, 65.00 W, 96 %
2026/08/30 06:27:54.189, 2489 MHz, 80, 66.26 W, 96 %
2026/08/30 06:27:59.190, 2470 MHz, 81, 66.80 W, 96 %
2026/08/30 06:28:04.191, 2476 MHz, 80, 66.49 W, 95 %
2026/08/30 06:28:09.192, 2470 MHz, 80, 67.50 W, 96 %
2026/08/30 06:28:14.193, 2463 MHz, 82, 68.04 W, 96 %
2026/08/30 06:28:19.193, 2476 MHz, 82, 67.81 W, 96 %
2026/08/30 06:28:24.195, 2457 MHz, 80, 68.14 W, 96 %
2026/08/30 06:28:29.195, 2463 MHz, 82, 69.23 W, 96 %
2026/08/30 06:28:34.196, 2457 MHz, 81, 68.56 W, 96 %
2026/08/30 06:28:39.197, 2463 MHz, 82, 68.45 W, 96 %
2026/08/30 06:28:44.198, 2457 MHz, 82, 70.46 W, 96 %
2026/08/30 06:28:49.200, 2457 MHz, 85, 71.18 W, 96 %
2026/08/30 06:28:54.201, 2457 MHz, 82, 71.43 W, 96 %
2026/08/30 06:28:59.202, 2457 MHz, 84, 71.04 W, 96 %
2026/08/30 06:29:04.203, 2502 MHz, 77, 39.72 W, 94 %
2026/08/30 06:29:09.204, 2483 MHz, 81, 63.84 W, 96 %
2026/08/30 06:29:14.205, 2470 MHz, 81, 63.56 W, 96 %
2026/08/30 06:29:19.206, 2463 MHz, 83, 65.23 W, 96 %
2026/08/30 06:29:24.207, 2463 MHz, 83, 66.45 W, 96 %
2026/08/30 06:29:29.207, 2463 MHz, 83, 67.20 W, 95 %
2026/08/30 06:29:34.208, 2463 MHz, 82, 67.54 W, 95 %
2026/08/30 06:29:39.209, 2457 MHz, 82, 68.26 W, 95 %
2026/08/30 06:29:44.209, 2463 MHz, 84, 68.30 W, 96 %
2026/08/30 06:29:49.211, 2457 MHz, 83, 58.53 W, 96 %
2026/08/30 06:29:54.211, 2457 MHz, 80, 66.47 W, 96 %
2026/08/30 06:29:59.212, 2463 MHz, 84, 68.47 W, 96 %
2026/08/30 06:30:04.213, 2457 MHz, 84, 66.67 W, 96 %
2026/08/30 06:30:09.214, 2463 MHz, 83, 66.98 W, 96 %
2026/08/30 06:30:14.214, 2457 MHz, 83, 67.98 W, 96 %
2026/08/30 06:30:19.215, 2463 MHz, 83, 70.93 W, 96 %
2026/08/30 06:30:24.216, 2457 MHz, 83, 68.06 W, 96 %
2026/08/30 06:30:29.217, 2457 MHz, 85, 67.64 W, 96 %
2026/08/30 06:30:34.219, 2502 MHz, 77, 38.79 W, 94 %
2026/08/30 06:30:39.220, 2470 MHz, 82, 63.49 W, 96 %
2026/08/30 06:30:44.221, 2476 MHz, 81, 61.78 W, 96 %
2026/08/30 06:30:49.222, 2476 MHz, 81, 62.86 W, 96 %
2026/08/30 06:30:54.223, 2470 MHz, 81, 63.37 W, 96 %
2026/08/30 06:30:59.224, 2470 MHz, 82, 63.31 W, 96 %
2026/08/30 06:31:04.226, 2463 MHz, 81, 64.18 W, 96 %
2026/08/30 06:31:09.226, 2463 MHz, 83, 65.08 W, 96 %
2026/08/30 06:31:14.227, 2463 MHz, 82, 66.36 W, 96 %
2026/08/30 06:31:19.229, 2457 MHz, 83, 68.65 W, 95 %
2026/08/30 06:31:24.229, 2463 MHz, 84, 69.05 W, 96 %
2026/08/30 06:31:29.230, 2457 MHz, 82, 66.15 W, 96 %
2026/08/30 06:31:34.231, 2457 MHz, 83, 69.91 W, 96 %
2026/08/30 06:31:39.231, 2457 MHz, 83, 69.90 W, 96 %
2026/08/30 06:31:44.232, 2457 MHz, 84, 70.20 W, 96 %
2026/08/30 06:31:49.233, 2457 MHz, 83, 70.90 W, 96 %
2026/08/30 06:31:54.234, 2457 MHz, 84, 71.64 W, 95 %
2026/08/30 06:31:59.235, 2457 MHz, 84, 71.92 W, 96 %
2026/08/30 06:32:04.236, 2502 MHz, 79, 39.72 W, 94 %
2026/08/30 06:32:09.237, 2502 MHz, 78, 39.18 W, 94 %
2026/08/30 06:32:14.238, 2470 MHz, 82, 64.06 W, 96 %
2026/08/30 06:32:19.238, 2463 MHz, 80, 64.97 W, 96 %
2026/08/30 06:32:24.239, 2463 MHz, 83, 65.59 W, 96 %
2026/08/30 06:32:29.240, 2463 MHz, 83, 66.87 W, 96 %
2026/08/30 06:32:34.241, 2463 MHz, 83, 67.07 W, 95 %
2026/08/30 06:32:39.242, 2463 MHz, 84, 67.58 W, 96 %
2026/08/30 06:32:44.243, 2463 MHz, 83, 68.34 W, 96 %
2026/08/30 06:32:49.244, 2463 MHz, 84, 68.02 W, 96 %
2026/08/30 06:32:54.245, 2457 MHz, 84, 68.31 W, 96 %
2026/08/30 06:32:59.246, 2457 MHz, 84, 69.26 W, 95 %
2026/08/30 06:33:04.246, 2463 MHz, 85, 69.17 W, 96 %
2026/08/30 06:33:09.247, 2457 MHz, 84, 69.74 W, 96 %
2026/08/30 06:33:14.248, 2457 MHz, 84, 70.49 W, 96 %
2026/08/30 06:33:19.248, 2457 MHz, 83, 70.12 W, 96 %
2026/08/30 06:33:24.249, 2457 MHz, 84, 70.72 W, 96 %
2026/08/30 06:33:29.250, 2457 MHz, 85, 71.05 W, 96 %
2026/08/30 06:33:34.252, 2470 MHz, 80, 60.85 W, 96 %
2026/08/30 06:33:39.252, 2502 MHz, 76, 36.81 W, 94 %
2026/08/30 06:33:44.253, 2470 MHz, 83, 62.61 W, 96 %
2026/08/30 06:33:49.254, 2463 MHz, 83, 65.14 W, 96 %
2026/08/30 06:33:54.255, 2463 MHz, 83, 66.01 W, 96 %
2026/08/30 06:33:59.255, 2463 MHz, 84, 67.01 W, 96 %
2026/08/30 06:34:04.257, 2463 MHz, 82, 66.88 W, 96 %
2026/08/30 06:34:09.258, 2463 MHz, 82, 67.24 W, 96 %
2026/08/30 06:34:14.259, 2457 MHz, 83, 68.01 W, 96 %
2026/08/30 06:34:19.259, 2463 MHz, 84, 68.08 W, 96 %
2026/08/30 06:34:24.260, 2457 MHz, 85, 68.29 W, 96 %
2026/08/30 06:34:29.261, 2457 MHz, 84, 69.36 W, 95 %
2026/08/30 06:34:34.262, 2457 MHz, 84, 69.31 W, 96 %
2026/08/30 06:34:39.263, 2457 MHz, 84, 69.88 W, 96 %
2026/08/30 06:34:44.264, 2457 MHz, 85, 69.94 W, 96 %
2026/08/30 06:34:49.265, 2457 MHz, 84, 70.40 W, 96 %
2026/08/30 06:34:54.266, 2457 MHz, 86, 70.36 W, 96 %
2026/08/30 06:34:59.267, 2457 MHz, 85, 71.12 W, 96 %
2026/08/30 06:35:04.267, 2457 MHz, 80, 62.28 W, 96 %
2026/08/30 06:35:09.268, 2502 MHz, 79, 39.73 W, 95 %
2026/08/30 06:35:14.268, 2470 MHz, 83, 63.98 W, 96 %
2026/08/30 06:35:19.270, 2463 MHz, 82, 65.34 W, 95 %
2026/08/30 06:35:24.270, 2463 MHz, 83, 65.27 W, 96 %
2026/08/30 06:35:29.271, 2463 MHz, 84, 66.45 W, 96 %
2026/08/30 06:35:34.272, 2463 MHz, 83, 67.10 W, 96 %
2026/08/30 06:35:39.274, 2463 MHz, 84, 67.61 W, 96 %
2026/08/30 06:35:44.275, 2457 MHz, 84, 68.23 W, 96 %
2026/08/30 06:35:49.276, 2457 MHz, 83, 68.14 W, 96 %
2026/08/30 06:35:54.277, 2457 MHz, 85, 68.62 W, 96 %
2026/08/30 06:35:59.278, 2457 MHz, 84, 66.45 W, 96 %
2026/08/30 06:36:04.279, 2463 MHz, 83, 69.17 W, 96 %
2026/08/30 06:36:09.280, 2457 MHz, 84, 70.10 W, 96 %
2026/08/30 06:36:14.281, 2457 MHz, 84, 70.60 W, 96 %
2026/08/30 06:36:19.282, 2457 MHz, 84, 70.37 W, 96 %
2026/08/30 06:36:24.284, 2457 MHz, 87, 70.80 W, 96 %
2026/08/30 06:36:29.285, 2457 MHz, 85, 71.67 W, 96 %
2026/08/30 06:36:34.286, 2457 MHz, 86, 71.37 W, 96 %
2026/08/30 06:36:39.288, 2502 MHz, 79, 39.88 W, 95 %
2026/08/30 06:36:44.289, 2463 MHz, 83, 64.50 W, 96 %
2026/08/30 06:36:49.290, 2463 MHz, 84, 65.12 W, 96 %
2026/08/30 06:36:54.291, 2463 MHz, 84, 66.26 W, 96 %
2026/08/30 06:36:59.292, 2463 MHz, 81, 66.08 W, 96 %
2026/08/30 06:37:04.294, 2463 MHz, 84, 66.74 W, 96 %
2026/08/30 06:37:09.295, 2463 MHz, 83, 67.36 W, 96 %
2026/08/30 06:37:14.296, 2463 MHz, 83, 67.88 W, 96 %
2026/08/30 06:37:19.297, 2463 MHz, 84, 68.17 W, 96 %
2026/08/30 06:37:24.298, 2457 MHz, 83, 69.47 W, 95 %
2026/08/30 06:37:29.299, 2457 MHz, 84, 69.32 W, 96 %
2026/08/30 06:37:34.300, 2457 MHz, 84, 69.40 W, 96 %
2026/08/30 06:37:39.301, 2457 MHz, 84, 70.16 W, 96 %
2026/08/30 06:37:44.302, 2457 MHz, 84, 70.60 W, 95 %
2026/08/30 06:37:49.303, 2457 MHz, 87, 70.69 W, 96 %
2026/08/30 06:37:54.304, 2457 MHz, 85, 70.71 W, 96 %
2026/08/30 06:37:59.305, 2457 MHz, 84, 71.72 W, 96 %
2026/08/30 06:38:04.306, 2457 MHz, 87, 72.16 W, 96 %
2026/08/30 06:38:09.307, 2502 MHz, 79, 40.01 W, 95 %
2026/08/30 06:38:14.307, 2463 MHz, 83, 62.36 W, 96 %
2026/08/30 06:38:19.308, 2463 MHz, 83, 65.26 W, 96 %
2026/08/30 06:38:24.309, 2463 MHz, 83, 66.32 W, 96 %
2026/08/30 06:38:29.310, 2463 MHz, 81, 66.36 W, 96 %
2026/08/30 06:38:34.311, 2463 MHz, 83, 66.74 W, 96 %
2026/08/30 06:38:39.312, 2463 MHz, 84, 67.12 W, 96 %
2026/08/30 06:38:44.313, 2463 MHz, 84, 67.59 W, 96 %
2026/08/30 06:38:49.314, 2457 MHz, 85, 68.24 W, 96 %
2026/08/30 06:38:54.315, 2457 MHz, 85, 68.96 W, 96 %
2026/08/30 06:38:59.316, 2463 MHz, 85, 68.73 W, 96 %
2026/08/30 06:39:04.317, 2457 MHz, 85, 69.89 W, 96 %
2026/08/30 06:39:09.318, 2457 MHz, 84, 69.81 W, 96 %
2026/08/30 06:39:14.319, 2457 MHz, 84, 70.58 W, 95 %
2026/08/30 06:39:19.320, 2457 MHz, 83, 70.93 W, 96 %
2026/08/30 06:39:24.321, 2457 MHz, 84, 70.79 W, 96 %
2026/08/30 06:39:29.321, 2457 MHz, 85, 71.14 W, 96 %
2026/08/30 06:39:34.322, 2457 MHz, 87, 71.46 W, 96 %
2026/08/30 06:39:39.323, 2502 MHz, 80, 40.07 W, 94 %
2026/08/30 06:39:44.324, 2463 MHz, 83, 64.63 W, 96 %
2026/08/30 06:39:49.325, 2463 MHz, 83, 65.05 W, 96 %
2026/08/30 06:39:54.326, 2463 MHz, 83, 65.94 W, 96 %
2026/08/30 06:39:59.327, 2463 MHz, 83, 66.41 W, 96 %
2026/08/30 06:40:04.328, 2463 MHz, 85, 66.92 W, 96 %
2026/08/30 06:40:09.329, 2463 MHz, 84, 67.37 W, 96 %
2026/08/30 06:40:14.329, 2463 MHz, 84, 68.06 W, 96 %
2026/08/30 06:40:19.330, 2463 MHz, 85, 68.43 W, 96 %
2026/08/30 06:40:24.331, 2457 MHz, 85, 68.67 W, 96 %
2026/08/30 06:40:29.332, 2463 MHz, 85, 66.73 W, 96 %
2026/08/30 06:40:34.333, 2457 MHz, 84, 69.36 W, 96 %
2026/08/30 06:40:39.334, 2457 MHz, 85, 70.46 W, 96 %
2026/08/30 06:40:44.335, 2457 MHz, 85, 70.01 W, 96 %
2026/08/30 06:40:49.336, 2457 MHz, 85, 70.60 W, 96 %
2026/08/30 06:40:54.336, 2457 MHz, 87, 71.31 W, 96 %
2026/08/30 06:40:59.337, 2457 MHz, 85, 71.41 W, 96 %
2026/08/30 06:41:04.338, 2457 MHz, 87, 70.24 W, 96 %
2026/08/30 06:41:09.339, 2502 MHz, 79, 40.02 W, 95 %
2026/08/30 06:41:14.340, 2502 MHz, 77, 35.72 W, 95 %
2026/08/30 06:41:19.341, 2470 MHz, 79, 60.53 W, 96 %
2026/08/30 06:41:24.342, 2502 MHz, 76, 37.74 W, 93 %
2026/08/30 06:41:29.343, 2470 MHz, 82, 63.85 W, 96 %
2026/08/30 06:41:34.344, 2502 MHz, 77, 39.66 W, 94 %
2026/08/30 06:41:39.344, 2476 MHz, 82, 63.59 W, 96 %
2026/08/30 06:41:44.346, 2502 MHz, 77, 39.41 W, 94 %
2026/08/30 06:41:49.346, 2476 MHz, 81, 63.75 W, 96 %
2026/08/30 06:41:54.348, 2502 MHz, 77, 39.44 W, 94 %
2026/08/30 06:41:59.349, 2463 MHz, 81, 63.84 W, 96 %
2026/08/30 06:42:04.350, 2502 MHz, 77, 39.53 W, 95 %
2026/08/30 06:42:09.351, 2483 MHz, 80, 63.63 W, 96 %
2026/08/30 06:42:14.352, 2502 MHz, 77, 39.21 W, 94 %
2026/08/30 06:42:19.353, 2476 MHz, 81, 63.44 W, 96 %
2026/08/30 06:42:24.354, 2502 MHz, 76, 39.16 W, 94 %
2026/08/30 06:42:29.355, 2476 MHz, 82, 63.69 W, 96 %
2026/08/30 06:42:34.356, 2502 MHz, 76, 39.16 W, 93 %
2026/08/30 06:42:39.358, 2476 MHz, 81, 63.66 W, 96 %
2026/08/30 06:42:44.358, 2502 MHz, 76, 38.93 W, 93 %
2026/08/30 06:42:49.360, 2476 MHz, 80, 63.68 W, 95 %
2026/08/30 06:42:54.360, 2502 MHz, 76, 39.19 W, 94 %
2026/08/30 06:42:59.362, 2483 MHz, 80, 63.37 W, 96 %
2026/08/30 06:43:04.363, 2502 MHz, 76, 38.99 W, 93 %
2026/08/30 06:43:09.364, 2489 MHz, 80, 63.08 W, 96 %
2026/08/30 06:43:14.365, 2502 MHz, 76, 39.10 W, 94 %
2026/08/30 06:43:19.366, 2489 MHz, 81, 63.47 W, 95 %
2026/08/30 06:43:24.367, 2502 MHz, 76, 39.23 W, 94 %
2026/08/30 06:43:29.368, 2496 MHz, 79, 62.73 W, 96 %
2026/08/30 06:43:34.369, 2496 MHz, 79, 64.42 W, 96 %
2026/08/30 06:43:39.370, 2489 MHz, 81, 63.84 W, 96 %
2026/08/30 06:43:44.370, 2476 MHz, 80, 63.96 W, 96 %
2026/08/30 06:43:49.372, 2502 MHz, 76, 44.44 W, 95 %
2026/08/30 06:43:54.373, 2502 MHz, 77, 44.49 W, 95 %
2026/08/30 06:43:59.374, 2489 MHz, 82, 64.21 W, 96 %
2026/08/30 06:44:04.376, 2489 MHz, 80, 63.11 W, 96 %
2026/08/30 06:44:09.376, 2476 MHz, 80, 64.14 W, 96 %
2026/08/30 06:44:14.377, 2502 MHz, 78, 45.52 W, 95 %
2026/08/30 06:44:19.378, 2502 MHz, 77, 44.92 W, 94 %
2026/08/30 06:44:24.379, 2489 MHz, 80, 62.45 W, 95 %
2026/08/30 06:44:29.381, 2483 MHz, 81, 64.83 W, 96 %
2026/08/30 06:44:34.382, 2476 MHz, 81, 63.71 W, 96 %
2026/08/30 06:44:39.382, 2470 MHz, 81, 64.29 W, 96 %
2026/08/30 06:44:44.383, 2502 MHz, 77, 43.82 W, 95 %
2026/08/30 06:44:49.384, 2502 MHz, 76, 42.87 W, 94 %
2026/08/30 06:44:54.385, 2476 MHz, 80, 64.77 W, 96 %
2026/08/30 06:44:59.386, 2476 MHz, 83, 63.33 W, 96 %
2026/08/30 06:45:04.387, 2476 MHz, 83, 64.43 W, 96 %
2026/08/30 06:45:09.388, 2502 MHz, 77, 45.04 W, 94 %
2026/08/30 06:45:14.389, 2502 MHz, 77, 45.00 W, 94 %
2026/08/30 06:45:19.389, 2483 MHz, 78, 62.66 W, 96 %
2026/08/30 06:45:24.390, 2483 MHz, 83, 64.68 W, 96 %
2026/08/30 06:45:29.391, 2483 MHz, 82, 63.77 W, 96 %
2026/08/30 06:45:34.393, 2470 MHz, 82, 63.59 W, 95 %
2026/08/30 06:45:39.393, 2502 MHz, 77, 45.24 W, 95 %
2026/08/30 06:45:44.394, 2502 MHz, 77, 43.40 W, 95 %
2026/08/30 06:45:49.395, 2476 MHz, 80, 64.59 W, 96 %
2026/08/30 06:45:54.397, 2476 MHz, 80, 63.57 W, 95 %
2026/08/30 06:45:59.398, 2483 MHz, 82, 64.27 W, 95 %
2026/08/30 06:46:04.400, 2502 MHz, 77, 45.09 W, 95 %
2026/08/30 06:46:09.401, 2502 MHz, 77, 45.05 W, 95 %
2026/08/30 06:46:14.402, 2496 MHz, 80, 64.18 W, 96 %
2026/08/30 06:46:19.403, 2476 MHz, 80, 63.41 W, 96 %
2026/08/30 06:46:24.404, 2483 MHz, 81, 64.46 W, 96 %
2026/08/30 06:46:29.405, 2502 MHz, 78, 45.31 W, 95 %
2026/08/30 06:46:34.406, 2502 MHz, 77, 45.21 W, 94 %
2026/08/30 06:46:39.408, 2502 MHz, 76, 41.11 W, 95 %
2026/08/30 06:46:44.408, 2483 MHz, 82, 64.53 W, 96 %
2026/08/30 06:46:49.409, 2483 MHz, 80, 63.18 W, 96 %
2026/08/30 06:46:54.410, 2483 MHz, 83, 64.41 W, 96 %
2026/08/30 06:46:59.411, 2502 MHz, 77, 45.31 W, 94 %
2026/08/30 06:47:04.411, 2502 MHz, 77, 45.26 W, 94 %
2026/08/30 06:47:09.413, 2489 MHz, 79, 64.01 W, 96 %
2026/08/30 06:47:14.413, 2489 MHz, 80, 63.62 W, 96 %
2026/08/30 06:47:19.414, 2483 MHz, 81, 64.23 W, 96 %
2026/08/30 06:47:24.416, 2502 MHz, 78, 45.32 W, 95 %
2026/08/30 06:47:29.417, 2502 MHz, 77, 45.39 W, 95 %
2026/08/30 06:47:34.418, 2483 MHz, 80, 63.17 W, 96 %
2026/08/30 06:47:39.420, 2489 MHz, 79, 64.81 W, 96 %
2026/08/30 06:47:44.420, 2489 MHz, 81, 63.98 W, 96 %
2026/08/30 06:47:49.421, 2476 MHz, 78, 61.28 W, 96 %
2026/08/30 06:47:54.422, 2502 MHz, 77, 45.50 W, 95 %
2026/08/30 06:47:59.423, 2502 MHz, 77, 43.41 W, 94 %
2026/08/30 06:48:04.424, 2476 MHz, 80, 64.34 W, 96 %
2026/08/30 06:48:09.425, 2483 MHz, 82, 64.29 W, 96 %
2026/08/30 06:48:14.425, 2483 MHz, 81, 64.32 W, 96 %
2026/08/30 06:48:19.426, 2502 MHz, 77, 45.67 W, 95 %
2026/08/30 06:48:24.428, 2502 MHz, 77, 45.08 W, 95 %
2026/08/30 06:48:29.429, 2483 MHz, 79, 64.58 W, 96 %
2026/08/30 06:48:34.431, 2489 MHz, 80, 62.62 W, 96 %
2026/08/30 06:48:39.432, 2483 MHz, 80, 64.21 W, 96 %
2026/08/30 06:48:44.432, 2502 MHz, 78, 45.14 W, 95 %
2026/08/30 06:48:49.433, 2502 MHz, 77, 45.29 W, 95 %
2026/08/30 06:48:54.434, 2489 MHz, 80, 63.00 W, 96 %
2026/08/30 06:48:59.435, 2483 MHz, 80, 64.91 W, 96 %
2026/08/30 06:49:04.435, 2483 MHz, 82, 64.04 W, 96 %
2026/08/30 06:49:09.437, 2483 MHz, 82, 64.81 W, 95 %
2026/08/30 06:49:14.437, 2502 MHz, 77, 45.23 W, 95 %
2026/08/30 06:49:19.438, 2502 MHz, 77, 44.22 W, 95 %
2026/08/30 06:49:24.439, 2483 MHz, 79, 64.72 W, 96 %
2026/08/30 06:49:29.440, 2483 MHz, 80, 63.96 W, 96 %
2026/08/30 06:49:34.441, 2483 MHz, 81, 64.18 W, 96 %
2026/08/30 06:49:39.441, 2476 MHz, 82, 63.67 W, 96 %
2026/08/30 06:49:44.442, 2489 MHz, 80, 63.72 W, 96 %
2026/08/30 06:49:49.443, 2470 MHz, 80, 63.93 W, 96 %
2026/08/30 06:49:54.444, 2502 MHz, 78, 47.46 W, 95 %
2026/08/30 06:49:59.446, 2502 MHz, 78, 47.19 W, 96 %
2026/08/30 06:50:04.447, 2502 MHz, 77, 45.66 W, 95 %
2026/08/30 06:50:09.448, 2483 MHz, 80, 63.60 W, 96 %
2026/08/30 06:50:14.448, 2476 MHz, 80, 63.74 W, 96 %
2026/08/30 06:50:19.449, 2483 MHz, 82, 64.32 W, 96 %
2026/08/30 06:50:24.450, 2483 MHz, 81, 63.52 W, 96 %
2026/08/30 06:50:29.451, 2476 MHz, 80, 63.75 W, 96 %
2026/08/30 06:50:34.452, 2476 MHz, 81, 64.02 W, 96 %
2026/08/30 06:50:39.453, 2502 MHz, 79, 47.91 W, 96 %
2026/08/30 06:50:44.455, 2502 MHz, 78, 46.44 W, 95 %
2026/08/30 06:50:49.456, 2502 MHz, 78, 46.91 W, 96 %
2026/08/30 06:50:54.457, 2483 MHz, 79, 64.10 W, 96 %
2026/08/30 06:50:59.458, 2476 MHz, 82, 65.01 W, 96 %
2026/08/30 06:51:04.459, 2476 MHz, 82, 64.17 W, 96 %
2026/08/30 06:51:09.460, 2483 MHz, 82, 63.80 W, 96 %
2026/08/30 06:51:14.460, 2476 MHz, 83, 64.26 W, 96 %
2026/08/30 06:51:19.462, 2483 MHz, 82, 63.82 W, 96 %
2026/08/30 06:51:24.463, 2476 MHz, 81, 64.57 W, 96 %
2026/08/30 06:51:29.463, 2502 MHz, 78, 47.29 W, 95 %
2026/08/30 06:51:34.464, 2502 MHz, 78, 47.20 W, 96 %
2026/08/30 06:51:39.465, 2483 MHz, 79, 63.82 W, 96 %
2026/08/30 06:51:44.465, 2489 MHz, 80, 61.64 W, 96 %
2026/08/30 06:51:49.466, 2476 MHz, 80, 63.76 W, 96 %
2026/08/30 06:51:54.467, 2483 MHz, 80, 63.49 W, 96 %
2026/08/30 06:51:59.468, 2483 MHz, 81, 63.99 W, 96 %
2026/08/30 06:52:04.470, 2483 MHz, 81, 63.71 W, 96 %
2026/08/30 06:52:09.471, 2489 MHz, 79, 61.12 W, 96 %
2026/08/30 06:52:14.472, 2502 MHz, 78, 46.91 W, 96 %
2026/08/30 06:52:19.473, 2502 MHz, 78, 46.98 W, 95 %
2026/08/30 06:52:24.474, 2496 MHz, 82, 63.33 W, 96 %
2026/08/30 06:52:29.475, 2489 MHz, 82, 64.86 W, 96 %
2026/08/30 06:52:34.476, 2483 MHz, 80, 63.94 W, 95 %
2026/08/30 06:52:39.477, 2476 MHz, 80, 63.51 W, 96 %
2026/08/30 06:52:44.478, 2483 MHz, 82, 64.18 W, 96 %
2026/08/30 06:52:49.478, 2476 MHz, 81, 63.72 W, 96 %
2026/08/30 06:52:54.478, 2470 MHz, 81, 64.45 W, 96 %
2026/08/30 06:52:59.480, 2502 MHz, 78, 47.12 W, 94 %
2026/08/30 06:53:04.481, 2502 MHz, 78, 47.00 W, 95 %
2026/08/30 06:53:09.482, 2470 MHz, 79, 63.37 W, 96 %
2026/08/30 06:53:14.483, 2489 MHz, 80, 64.49 W, 95 %
2026/08/30 06:53:19.484, 2483 MHz, 80, 63.93 W, 95 %
2026/08/30 06:53:24.486, 2483 MHz, 81, 63.64 W, 95 %
2026/08/30 06:53:29.486, 2476 MHz, 80, 64.03 W, 96 %
2026/08/30 06:53:34.487, 2483 MHz, 81, 63.71 W, 96 %
2026/08/30 06:53:39.489, 2476 MHz, 83, 64.45 W, 96 %
2026/08/30 06:53:44.490, 2502 MHz, 78, 47.30 W, 96 %
2026/08/30 06:53:49.491, 2502 MHz, 78, 47.05 W, 94 %
2026/08/30 06:53:54.492, 2489 MHz, 80, 55.72 W, 96 %
2026/08/30 06:53:59.493, 2483 MHz, 80, 61.92 W, 96 %
2026/08/30 06:54:04.495, 2476 MHz, 82, 63.56 W, 96 %
2026/08/30 06:54:09.495, 2483 MHz, 81, 63.42 W, 96 %
2026/08/30 06:54:14.497, 2483 MHz, 81, 63.94 W, 96 %
2026/08/30 06:54:19.497, 2476 MHz, 80, 63.71 W, 95 %
2026/08/30 06:54:24.499, 2476 MHz, 82, 64.42 W, 95 %
2026/08/30 06:54:29.499, 2502 MHz, 78, 47.29 W, 95 %
2026/08/30 06:54:34.501, 2502 MHz, 77, 47.29 W, 96 %
2026/08/30 06:54:39.501, 2502 MHz, 77, 43.71 W, 95 %
2026/08/30 06:54:44.502, 2483 MHz, 80, 64.68 W, 96 %
2026/08/30 06:54:49.503, 2483 MHz, 80, 63.65 W, 96 %
2026/08/30 06:54:54.504, 2483 MHz, 80, 64.38 W, 96 %
2026/08/30 06:54:59.505, 2489 MHz, 82, 64.11 W, 96 %
2026/08/30 06:55:04.506, 2476 MHz, 83, 63.79 W, 96 %
2026/08/30 06:55:09.507, 2483 MHz, 80, 63.84 W, 96 %
2026/08/30 06:55:14.508, 2502 MHz, 77, 47.25 W, 95 %
2026/08/30 06:55:19.509, 2502 MHz, 78, 47.15 W, 95 %
2026/08/30 06:55:24.510, 2502 MHz, 77, 45.06 W, 95 %
2026/08/30 06:55:29.510, 2483 MHz, 79, 64.09 W, 96 %
2026/08/30 06:55:34.511, 2476 MHz, 80, 63.33 W, 96 %
2026/08/30 06:55:39.512, 2483 MHz, 79, 63.56 W, 96 %
2026/08/30 06:55:44.514, 2489 MHz, 81, 63.55 W, 96 %
2026/08/30 06:55:49.515, 2476 MHz, 82, 64.24 W, 96 %
2026/08/30 06:55:54.516, 2483 MHz, 81, 63.90 W, 96 %
2026/08/30 06:55:59.517, 2502 MHz, 78, 54.04 W, 95 %
2026/08/30 06:56:04.518, 2502 MHz, 77, 46.95 W, 95 %
2026/08/30 06:56:09.519, 2502 MHz, 77, 47.01 W, 96 %
2026/08/30 06:56:14.520, 2489 MHz, 81, 62.51 W, 96 %
2026/08/30 06:56:19.521, 2483 MHz, 79, 64.73 W, 96 %
2026/08/30 06:56:24.522, 2483 MHz, 79, 64.21 W, 96 %
2026/08/30 06:56:29.523, 2483 MHz, 79, 63.92 W, 96 %
2026/08/30 06:56:34.524, 2483 MHz, 80, 64.23 W, 96 %
2026/08/30 06:56:39.525, 2489 MHz, 80, 63.77 W, 96 %
2026/08/30 06:56:44.526, 2476 MHz, 80, 64.82 W, 96 %
2026/08/30 06:56:49.527, 2502 MHz, 78, 46.92 W, 95 %
2026/08/30 06:56:54.529, 2502 MHz, 77, 47.02 W, 96 %
2026/08/30 06:56:59.530, 2489 MHz, 79, 63.83 W, 96 %
2026/08/30 06:57:04.531, 2470 MHz, 80, 64.49 W, 96 %
2026/08/30 06:57:09.532, 2489 MHz, 80, 64.13 W, 96 %
2026/08/30 06:57:14.533, 2483 MHz, 82, 63.81 W, 96 %
2026/08/30 06:57:19.534, 2476 MHz, 81, 64.06 W, 96 %
2026/08/30 06:57:24.535, 2476 MHz, 81, 63.79 W, 96 %
2026/08/30 06:57:29.536, 2483 MHz, 81, 64.38 W, 96 %
2026/08/30 06:57:34.536, 2502 MHz, 78, 47.12 W, 95 %
2026/08/30 06:57:39.537, 2502 MHz, 78, 47.00 W, 96 %
2026/08/30 06:57:44.538, 2496 MHz, 81, 64.27 W, 96 %
2026/08/30 06:57:49.539, 2483 MHz, 80, 64.49 W, 96 %
2026/08/30 06:57:54.540, 2489 MHz, 80, 63.64 W, 96 %
2026/08/30 06:57:59.540, 2483 MHz, 79, 63.76 W, 96 %
2026/08/30 06:58:04.541, 2483 MHz, 80, 64.19 W, 96 %
2026/08/30 06:58:09.542, 2483 MHz, 81, 63.68 W, 96 %
2026/08/30 06:58:14.543, 2476 MHz, 80, 64.32 W, 95 %
2026/08/30 06:58:19.545, 2502 MHz, 78, 47.26 W, 95 %
2026/08/30 06:58:24.546, 2502 MHz, 77, 46.91 W, 95 %
2026/08/30 06:58:29.547, 2489 MHz, 80, 61.17 W, 95 %
2026/08/30 06:58:34.548, 2483 MHz, 81, 64.30 W, 96 %
2026/08/30 06:58:39.550, 2489 MHz, 80, 63.78 W, 96 %
2026/08/30 06:58:44.551, 2483 MHz, 79, 63.27 W, 96 %
2026/08/30 06:58:49.552, 2483 MHz, 82, 64.00 W, 96 %
2026/08/30 06:58:54.554, 2489 MHz, 82, 63.60 W, 96 %
2026/08/30 06:58:59.555, 2476 MHz, 82, 64.41 W, 96 %
2026/08/30 06:59:04.556, 2502 MHz, 78, 47.13 W, 95 %
2026/08/30 06:59:09.557, 2502 MHz, 77, 46.91 W, 96 %
2026/08/30 06:59:14.558, 2502 MHz, 79, 43.13 W, 93 %
2026/08/30 06:59:19.559, 2489 MHz, 80, 64.65 W, 96 %
2026/08/30 06:59:24.560, 2489 MHz, 81, 63.31 W, 96 %
2026/08/30 06:59:29.561, 2489 MHz, 81, 64.05 W, 96 %
2026/08/30 06:59:34.562, 2483 MHz, 80, 63.69 W, 96 %
2026/08/30 06:59:39.563, 2483 MHz, 82, 63.84 W, 96 %
2026/08/30 06:59:44.564, 2483 MHz, 81, 64.05 W, 96 %
2026/08/30 06:59:49.564, 2483 MHz, 80, 63.94 W, 96 %
2026/08/30 06:59:54.565, 2489 MHz, 83, 63.04 W, 96 %
2026/08/30 06:59:59.566, 2483 MHz, 81, 63.78 W, 96 %
2026/08/30 07:00:04.567, 2476 MHz, 79, 63.39 W, 96 %
2026/08/30 07:00:09.569, 2483 MHz, 80, 63.74 W, 96 %
2026/08/30 07:00:14.569, 2483 MHz, 81, 63.79 W, 96 %
2026/08/30 07:00:19.570, 2483 MHz, 79, 61.85 W, 96 %
2026/08/30 07:00:24.571, 2502 MHz, 78, 49.17 W, 95 %
2026/08/30 07:00:29.572, 2502 MHz, 78, 48.99 W, 95 %
2026/08/30 07:00:34.573, 2502 MHz, 77, 47.04 W, 95 %
2026/08/30 07:00:39.573, 2496 MHz, 82, 63.68 W, 96 %
2026/08/30 07:00:44.575, 2496 MHz, 80, 61.11 W, 96 %
2026/08/30 07:00:49.575, 2489 MHz, 80, 63.54 W, 96 %
2026/08/30 07:00:54.576, 2489 MHz, 79, 62.85 W, 96 %
2026/08/30 07:00:59.577, 2489 MHz, 79, 63.68 W, 96 %
2026/08/30 07:01:04.578, 2496 MHz, 79, 59.92 W, 96 %
2026/08/30 07:01:09.579, 2489 MHz, 78, 62.27 W, 95 %
2026/08/30 07:01:14.580, 2496 MHz, 78, 60.21 W, 96 %
2026/08/30 07:01:19.581, 2489 MHz, 77, 62.27 W, 96 %
2026/08/30 07:01:24.582, 2483 MHz, 79, 63.74 W, 96 %
2026/08/30 07:01:29.583, 2489 MHz, 79, 61.64 W, 96 %
2026/08/30 07:01:34.584, 2496 MHz, 78, 60.97 W, 96 %
2026/08/30 07:01:39.585, 2489 MHz, 81, 61.71 W, 96 %
2026/08/30 07:01:44.586, 2502 MHz, 78, 58.06 W, 96 %
2026/08/30 07:01:49.587, 2502 MHz, 77, 47.59 W, 95 %
2026/08/30 07:01:54.588, 2502 MHz, 76, 46.65 W, 96 %
2026/08/30 07:01:59.588, 2502 MHz, 77, 45.69 W, 96 %
2026/08/30 07:02:04.589, 2489 MHz, 79, 60.99 W, 96 %
2026/08/30 07:02:09.590, 2489 MHz, 80, 61.92 W, 96 %
2026/08/30 07:02:14.591, 2489 MHz, 79, 61.72 W, 96 %
2026/08/30 07:02:19.592, 2483 MHz, 80, 63.12 W, 96 %
2026/08/30 07:02:24.592, 2483 MHz, 81, 59.31 W, 96 %
2026/08/30 07:02:29.593, 2489 MHz, 79, 62.26 W, 96 %
2026/08/30 07:02:34.594, 2483 MHz, 82, 64.25 W, 96 %
2026/08/30 07:02:39.595, 2483 MHz, 82, 62.56 W, 96 %
2026/08/30 07:02:44.596, 2489 MHz, 78, 61.44 W, 95 %
2026/08/30 07:02:49.597, 2483 MHz, 82, 62.21 W, 96 %
2026/08/30 07:02:54.598, 2483 MHz, 82, 62.17 W, 96 %
2026/08/30 07:02:59.599, 2489 MHz, 82, 60.25 W, 96 %
2026/08/30 07:03:04.600, 2483 MHz, 83, 59.69 W, 96 %
2026/08/30 07:03:09.601, 2483 MHz, 80, 60.87 W, 96 %
2026/08/30 07:03:14.602, 2502 MHz, 79, 48.87 W, 96 %
2026/08/30 07:03:19.603, 2502 MHz, 78, 47.07 W, 96 %
2026/08/30 07:03:24.604, 2502 MHz, 77, 46.85 W, 95 %
2026/08/30 07:03:29.606, 2502 MHz, 76, 39.39 W, 94 %
2026/08/30 07:03:34.607, 2496 MHz, 80, 62.34 W, 96 %
2026/08/30 07:03:39.608, 2489 MHz, 79, 63.91 W, 95 %
2026/08/30 07:03:44.609, 2489 MHz, 79, 64.05 W, 96 %
2026/08/30 07:03:49.610, 2489 MHz, 81, 63.50 W, 96 %
2026/08/30 07:03:54.611, 2483 MHz, 78, 63.61 W, 96 %
2026/08/30 07:03:59.612, 2483 MHz, 81, 63.89 W, 96 %
2026/08/30 07:04:04.613, 2483 MHz, 79, 63.19 W, 96 %
2026/08/30 07:04:09.615, 2476 MHz, 80, 63.31 W, 96 %
2026/08/30 07:04:14.616, 2483 MHz, 80, 63.71 W, 96 %
2026/08/30 07:04:19.617, 2483 MHz, 80, 63.34 W, 96 %
2026/08/30 07:04:24.618, 2483 MHz, 82, 63.75 W, 96 %
2026/08/30 07:04:29.619, 2476 MHz, 81, 62.96 W, 96 %
2026/08/30 07:04:34.621, 2483 MHz, 82, 64.15 W, 95 %
2026/08/30 07:04:39.621, 2502 MHz, 78, 49.09 W, 95 %
2026/08/30 07:04:44.622, 2502 MHz, 78, 48.88 W, 95 %
2026/08/30 07:04:49.624, 2502 MHz, 77, 46.40 W, 96 %
2026/08/30 07:04:54.625, 2476 MHz, 81, 63.51 W, 96 %
2026/08/30 07:04:59.626, 2483 MHz, 79, 63.15 W, 96 %
2026/08/30 07:05:04.627, 2476 MHz, 80, 63.78 W, 96 %
2026/08/30 07:05:09.628, 2489 MHz, 80, 63.74 W, 96 %
2026/08/30 07:05:14.629, 2483 MHz, 81, 64.14 W, 96 %
2026/08/30 07:05:19.631, 2483 MHz, 80, 63.53 W, 95 %
2026/08/30 07:05:24.632, 2483 MHz, 80, 63.58 W, 96 %
2026/08/30 07:05:29.634, 2483 MHz, 83, 63.74 W, 96 %
2026/08/30 07:05:34.635, 2489 MHz, 81, 61.60 W, 96 %
2026/08/30 07:05:39.636, 2476 MHz, 82, 64.05 W, 96 %
2026/08/30 07:05:44.637, 2483 MHz, 80, 63.76 W, 96 %
2026/08/30 07:05:49.638, 2483 MHz, 81, 63.46 W, 96 %
2026/08/30 07:05:54.639, 2483 MHz, 80, 63.73 W, 96 %
2026/08/30 07:05:59.641, 2502 MHz, 79, 49.26 W, 95 %
2026/08/30 07:06:04.642, 2502 MHz, 78, 48.95 W, 95 %
2026/08/30 07:06:09.643, 2502 MHz, 78, 48.90 W, 95 %
2026/08/30 07:06:14.644, 2502 MHz, 77, 44.94 W, 95 %
2026/08/30 07:06:19.645, 2483 MHz, 80, 64.32 W, 96 %
2026/08/30 07:06:24.646, 2483 MHz, 80, 63.87 W, 96 %
2026/08/30 07:06:29.647, 2483 MHz, 81, 63.95 W, 96 %
2026/08/30 07:06:34.648, 2483 MHz, 80, 63.91 W, 96 %
2026/08/30 07:06:39.649, 2483 MHz, 81, 63.72 W, 96 %
2026/08/30 07:06:44.650, 2470 MHz, 80, 64.23 W, 96 %
2026/08/30 07:06:49.651, 2483 MHz, 81, 63.45 W, 96 %
2026/08/30 07:06:54.651, 2476 MHz, 82, 64.26 W, 96 %
2026/08/30 07:06:59.653, 2483 MHz, 83, 63.91 W, 96 %
2026/08/30 07:07:04.653, 2476 MHz, 81, 63.55 W, 96 %
2026/08/30 07:07:09.654, 2476 MHz, 81, 64.00 W, 96 %
2026/08/30 07:07:14.656, 2483 MHz, 81, 63.06 W, 96 %
2026/08/30 07:07:19.657, 2476 MHz, 80, 64.25 W, 96 %
2026/08/30 07:07:24.658, 2502 MHz, 79, 49.27 W, 96 %
2026/08/30 07:07:29.659, 2502 MHz, 78, 49.24 W, 96 %
2026/08/30 07:07:34.660, 2502 MHz, 78, 47.87 W, 95 %
2026/08/30 07:07:39.661, 2502 MHz, 76, 42.51 W, 94 %
2026/08/30 07:07:44.662, 2489 MHz, 81, 64.63 W, 96 %
2026/08/30 07:07:49.663, 2489 MHz, 80, 60.72 W, 96 %
2026/08/30 07:07:54.664, 2476 MHz, 80, 64.03 W, 96 %
2026/08/30 07:07:59.664, 2483 MHz, 80, 63.81 W, 96 %
2026/08/30 07:08:04.665, 2483 MHz, 82, 64.09 W, 96 %
2026/08/30 07:08:09.666, 2483 MHz, 81, 64.11 W, 96 %
2026/08/30 07:08:14.667, 2476 MHz, 81, 63.73 W, 96 %
2026/08/30 07:08:19.668, 2483 MHz, 83, 63.62 W, 96 %
2026/08/30 07:08:24.668, 2483 MHz, 81, 63.61 W, 96 %
2026/08/30 07:08:29.670, 2483 MHz, 80, 63.74 W, 96 %
2026/08/30 07:08:34.671, 2476 MHz, 81, 63.79 W, 96 %
2026/08/30 07:08:39.671, 2483 MHz, 81, 63.76 W, 96 %
2026/08/30 07:08:44.673, 2470 MHz, 82, 63.77 W, 96 %
2026/08/30 07:08:49.675, 2502 MHz, 79, 49.15 W, 95 %
2026/08/30 07:08:54.676, 2502 MHz, 78, 49.09 W, 94 %
2026/08/30 07:08:59.678, 2502 MHz, 78, 47.38 W, 95 %
2026/08/30 07:09:04.678, 2496 MHz, 82, 64.30 W, 96 %
2026/08/30 07:09:09.680, 2476 MHz, 80, 64.35 W, 96 %
2026/08/30 07:09:14.680, 2483 MHz, 81, 63.78 W, 96 %
2026/08/30 07:09:19.681, 2483 MHz, 81, 63.81 W, 96 %
2026/08/30 07:09:24.683, 2483 MHz, 80, 64.07 W, 96 %
2026/08/30 07:09:29.684, 2483 MHz, 80, 63.24 W, 96 %
2026/08/30 07:09:34.685, 2483 MHz, 80, 63.79 W, 96 %
2026/08/30 07:09:39.686, 2483 MHz, 81, 64.14 W, 96 %
2026/08/30 07:09:44.687, 2483 MHz, 82, 63.45 W, 96 %
2026/08/30 07:09:49.689, 2483 MHz, 81, 64.24 W, 96 %
2026/08/30 07:09:54.690, 2489 MHz, 80, 63.38 W, 96 %
2026/08/30 07:09:59.690, 2483 MHz, 79, 63.30 W, 95 %
2026/08/30 07:10:04.691, 2476 MHz, 79, 61.33 W, 96 %
2026/08/30 07:10:09.693, 2502 MHz, 79, 49.30 W, 96 %
2026/08/30 07:10:14.694, 2502 MHz, 79, 48.72 W, 96 %
2026/08/30 07:10:19.696, 2502 MHz, 78, 48.44 W, 96 %
2026/08/30 07:10:24.697, 2502 MHz, 78, 47.15 W, 95 %
2026/08/30 07:10:29.698, 2483 MHz, 81, 63.95 W, 95 %
2026/08/30 07:10:34.699, 2489 MHz, 81, 63.66 W, 96 %
2026/08/30 07:10:39.701, 2483 MHz, 80, 63.85 W, 96 %
2026/08/30 07:10:44.702, 2483 MHz, 82, 63.52 W, 96 %
2026/08/30 07:10:49.703, 2483 MHz, 82, 63.68 W, 95 %
2026/08/30 07:10:54.704, 2483 MHz, 81, 63.11 W, 96 %
2026/08/30 07:10:59.704, 2470 MHz, 82, 63.03 W, 96 %
2026/08/30 07:11:04.706, 2483 MHz, 80, 63.22 W, 96 %
2026/08/30 07:11:09.707, 2483 MHz, 83, 63.12 W, 96 %
2026/08/30 07:11:14.708, 2483 MHz, 82, 61.82 W, 96 %
2026/08/30 07:11:19.710, 2483 MHz, 83, 62.31 W, 96 %
2026/08/30 07:11:24.711, 2483 MHz, 81, 62.57 W, 96 %
2026/08/30 07:11:29.712, 2476 MHz, 80, 63.72 W, 96 %
2026/08/30 07:11:34.713, 2502 MHz, 78, 47.82 W, 95 %
2026/08/30 07:11:39.714, 2502 MHz, 78, 48.09 W, 95 %
2026/08/30 07:11:44.715, 2502 MHz, 78, 48.36 W, 95 %
2026/08/30 07:11:49.717, 2502 MHz, 77, 46.23 W, 95 %
2026/08/30 07:11:54.718, 2515 MHz, 72, 19.19 W, 0 %
2026/08/30 07:11:59.720, 2496 MHz, 79, 63.42 W, 96 %
2026/08/30 07:12:04.721, 2483 MHz, 79, 64.21 W, 96 %
2026/08/30 07:12:09.722, 2483 MHz, 79, 63.28 W, 96 %
2026/08/30 07:12:14.723, 2489 MHz, 80, 63.23 W, 96 %
2026/08/30 07:12:19.725, 2483 MHz, 80, 64.00 W, 95 %
2026/08/30 07:12:24.726, 2483 MHz, 80, 63.82 W, 95 %
2026/08/30 07:12:29.728, 2489 MHz, 81, 60.79 W, 96 %
2026/08/30 07:12:34.729, 2489 MHz, 81, 63.11 W, 96 %
2026/08/30 07:12:39.731, 2483 MHz, 80, 62.91 W, 96 %
2026/08/30 07:12:44.733, 2483 MHz, 82, 63.84 W, 96 %
2026/08/30 07:12:49.734, 2483 MHz, 80, 63.06 W, 96 %
2026/08/30 07:12:54.735, 2483 MHz, 80, 62.43 W, 96 %
2026/08/30 07:12:59.737, 2483 MHz, 83, 64.19 W, 96 %
2026/08/30 07:13:04.738, 2502 MHz, 78, 49.07 W, 95 %
2026/08/30 07:13:09.740, 2502 MHz, 78, 48.74 W, 95 %
2026/08/30 07:13:14.740, 2502 MHz, 78, 47.83 W, 95 %
2026/08/30 07:13:19.742, 2489 MHz, 80, 48.36 W, 96 %
2026/08/30 07:13:24.743, 2489 MHz, 80, 64.84 W, 96 %
2026/08/30 07:13:29.744, 2489 MHz, 82, 63.84 W, 96 %
2026/08/30 07:13:34.746, 2483 MHz, 82, 63.79 W, 96 %
2026/08/30 07:13:39.747, 2476 MHz, 80, 64.13 W, 96 %
2026/08/30 07:13:44.748, 2483 MHz, 80, 63.57 W, 96 %
2026/08/30 07:13:49.749, 2489 MHz, 81, 64.10 W, 96 %
2026/08/30 07:13:54.750, 2476 MHz, 80, 63.64 W, 96 %
2026/08/30 07:13:59.751, 2483 MHz, 82, 63.19 W, 96 %
2026/08/30 07:14:04.751, 2483 MHz, 83, 64.19 W, 96 %
2026/08/30 07:14:09.753, 2483 MHz, 80, 63.14 W, 96 %
2026/08/30 07:14:14.754, 2483 MHz, 83, 63.81 W, 96 %
2026/08/30 07:14:19.755, 2483 MHz, 82, 63.95 W, 96 %
2026/08/30 07:14:24.756, 2483 MHz, 79, 58.34 W, 96 %
2026/08/30 07:14:29.757, 2502 MHz, 79, 49.04 W, 96 %
2026/08/30 07:14:34.757, 2502 MHz, 78, 47.62 W, 96 %
2026/08/30 07:14:39.759, 2502 MHz, 78, 46.87 W, 94 %
2026/08/30 07:14:44.760, 2489 MHz, 82, 64.41 W, 96 %
2026/08/30 07:14:49.762, 2489 MHz, 80, 63.95 W, 96 %
2026/08/30 07:14:54.763, 2483 MHz, 81, 64.28 W, 96 %
2026/08/30 07:14:59.764, 2483 MHz, 80, 63.54 W, 96 %
2026/08/30 07:15:04.765, 2483 MHz, 82, 64.28 W, 96 %
2026/08/30 07:15:09.766, 2483 MHz, 81, 64.03 W, 96 %
2026/08/30 07:15:14.767, 2483 MHz, 81, 63.60 W, 96 %
2026/08/30 07:15:19.769, 2476 MHz, 83, 64.37 W, 96 %
2026/08/30 07:15:24.769, 2483 MHz, 80, 63.10 W, 96 %
2026/08/30 07:15:29.770, 2476 MHz, 83, 64.11 W, 96 %
2026/08/30 07:15:34.772, 2470 MHz, 81, 63.41 W, 96 %
2026/08/30 07:15:39.773, 2476 MHz, 81, 63.50 W, 96 %
2026/08/30 07:15:44.773, 2483 MHz, 80, 64.25 W, 96 %
2026/08/30 07:15:49.775, 2502 MHz, 79, 49.12 W, 96 %
2026/08/30 07:15:54.776, 2502 MHz, 78, 48.01 W, 95 %
2026/08/30 07:15:59.777, 2502 MHz, 78, 47.59 W, 95 %
2026/08/30 07:16:04.778, 2496 MHz, 79, 43.97 W, 96 %
2026/08/30 07:16:09.779, 2483 MHz, 81, 64.56 W, 96 %
2026/08/30 07:16:14.781, 2483 MHz, 82, 63.49 W, 96 %
2026/08/30 07:16:19.782, 2476 MHz, 82, 64.23 W, 95 %
2026/08/30 07:16:24.782, 2476 MHz, 82, 63.68 W, 95 %
2026/08/30 07:16:29.783, 2483 MHz, 79, 64.00 W, 95 %
2026/08/30 07:16:34.784, 2483 MHz, 83, 64.35 W, 96 %
2026/08/30 07:16:39.785, 2483 MHz, 81, 63.60 W, 96 %
2026/08/30 07:16:44.786, 2483 MHz, 83, 63.51 W, 96 %
2026/08/30 07:16:49.788, 2483 MHz, 81, 60.76 W, 96 %
2026/08/30 07:16:54.789, 2489 MHz, 83, 63.25 W, 96 %
2026/08/30 07:16:59.790, 2483 MHz, 81, 64.12 W, 96 %
2026/08/30 07:17:04.791, 2470 MHz, 81, 63.54 W, 96 %
2026/08/30 07:17:09.792, 2470 MHz, 82, 64.03 W, 96 %
2026/08/30 07:17:14.793, 2502 MHz, 79, 49.19 W, 95 %
2026/08/30 07:17:19.794, 2502 MHz, 78, 48.77 W, 95 %
2026/08/30 07:17:24.795, 2502 MHz, 78, 47.18 W, 95 %
